StudentID;MTE-004;LOE-103;DSE-005;JTE-234;JHF-101;LDE-009;BKO-800;ATE-214;FEA-907;TGL-013;SLE-332;ATE-003;DSE-007;JTW-004;LUU-003;HLU-200;MON-014;JJP-001;WOT-104;BKO-801;GHL-823;WDM-974;TSO-010;PPL-239;DSE-003;LPG-307;PLO-132;ATE-014;KMO-007;ATE-008
1000457;7;8;NG;NG;NG;NG;6;6;NG;NG;NG;4;4;NG;NG;NG;NG;NG;NG;NG;NG;NG;NG;NG;6;NG;NG;NG;NG;NG
1000543;7;7;NG;NG;NG;NG;7;6;NG;NG;NG;6;6;NG;NG;NG;NG;NG;NG;NG;NG;NG;NG;NG;6;NG;NG;NG;NG;NG
1000286;7;7;NG;NG;NG;NG;8;7;NG;NG;NG;5;6;NG;NG;NG;NG;NG;NG;NG;NG;NG;NG;NG;7;NG;NG;NG;NG;NG
1001653;6;6;NG;NG;NG;NG;7;6;5;5;7;6;7;7;7;NG;7;NG;6;NG;NG;NG;NG;6;4;5;NG;NG;NG;7
1001165;9;8;NG;NG;NG;NG;8;8;NG;NG;NG;6;7;NG;NG;NG;NG;NG;NG;NG;NG;NG;NG;NG;7;NG;NG;NG;NG;NG
1001093;9;9;NG;NG;NG;NG;8;8;NG;NG;NG;7;8;NG;NG;NG;NG;NG;NG;NG;NG;NG;NG;NG;9;NG;NG;NG;NG;NG
1001304;8;8;NG;NG;NG;NG;8;7;NG;NG;NG;5;6;NG;NG;NG;NG;NG;NG;NG;NG;NG;NG;NG;8;NG;NG;NG;NG;NG
1002261;8;8;8;8;8;7;9;8;7;9;7;6;7;7;7;7;7;10;8;NG;6;8;NG;6;7;8;NG;9;8;7
1001324;5;6;NG;NG;NG;NG;8;8;NG;NG;NG;6;7;NG;NG;NG;NG;NG;NG;NG;NG;NG;NG;NG;6;NG;NG;NG;NG;NG
1002235;7;6;NG;NG;NG;NG;7;6;5;8;5;4;4;5;NG;NG;6;NG;7;NG;NG;NG;NG;6;6;6;NG;NG;NG;4
1001312;9;8;NG;NG;NG;NG;10;10;NG;NG;NG;7;8;NG;NG;NG;NG;NG;NG;NG;NG;NG;NG;NG;9;NG;NG;NG;NG;NG
1000065;6;7;NG;NG;NG;NG;7;7;NG;NG;NG;8;8;NG;NG;NG;NG;NG;NG;NG;NG;NG;NG;NG;7;NG;NG;NG;NG;NG
1002256;8;8;7;8;8;8;8;8;7;8;7;7;7;6;7;6;8;8;8;NG;6;7;NG;8;8;7;NG;8;7;7
1002844;8;8;8;8;8;8;10;8;8;8;8;6;7;8;8;7;8;9;7;NG;7;9;NG;7;7;9;NG;9;8;7
1002488;6;7;6;NG;7;NG;7;6;8;6;7;8;6;6;8;NG;9;6;6;NG;NG;NG;NG;6;6;4;NG;NG;NG;7
1002476;6;6;7;7;6;6;8;8;6;7;6;6;7;6;8;8;7;7;7;NG;6;6;NG;6;7;6;NG;8;8;7
1002745;9;10;9;8;8;8;7;8;9;8;8;8;9;8;10;8;10;9;8;NG;7;7;NG;8;8;7;NG;8;7;9
1001793;8;9;NG;NG;NG;NG;9;7;8;8;9;8;8;9;9;NG;8;NG;8;NG;NG;NG;NG;8;8;8;NG;NG;NG;8
1001397;7;8;NG;NG;NG;NG;9;9;9;8;8;8;9;8;8;NG;10;NG;8;NG;NG;NG;NG;8;7;7;NG;NG;NG;8
1000511;7;8;NG;NG;NG;NG;8;8;NG;NG;NG;7;8;NG;NG;NG;NG;NG;NG;NG;NG;NG;NG;NG;6;NG;NG;NG;NG;NG
1002563;8;7;8;8;7;6;9;8;7;8;7;6;7;8;7;8;8;8;8;NG;7;6;NG;7;7;7;NG;9;7;7
1002834;8;8;9;8;8;7;9;10;8;8;8;7;8;8;9;9;9;9;8;NG;7;7;NG;8;7;7;NG;10;9;9
1002466;7;7;7;NG;7;NG;7;8;7;6;7;7;7;7;8;NG;8;8;8;NG;NG;NG;NG;7;6;5;NG;NG;NG;7
1002853;8;7;8;7;8;8;9;9;6;8;8;7;8;8;8;8;7;9;7;NG;8;7;NG;7;6;8;NG;9;8;6
1001979;8;7;NG;NG;NG;NG;9;9;7;7;8;6;8;8;8;NG;NG;NG;8;NG;NG;NG;NG;7;8;7;NG;NG;NG;7
1002306;9;9;8;9;9;9;9;9;9;9;7;7;7;8;8;8;8;9;8;NG;8;9;NG;7;8;8;NG;8;9;8
1000751;8;8;NG;NG;NG;NG;8;8;NG;NG;NG;7;6;NG;NG;NG;NG;NG;NG;NG;NG;NG;NG;NG;8;NG;NG;NG;NG;NG
1001239;9;8;NG;NG;NG;NG;8;7;NG;NG;NG;7;7;NG;NG;NG;NG;NG;NG;NG;NG;NG;NG;NG;8;NG;NG;NG;NG;NG
1000181;8;7;NG;NG;NG;NG;9;8;NG;NG;NG;6;7;NG;NG;NG;NG;NG;NG;NG;NG;NG;NG;NG;7;NG;NG;NG;NG;NG
1000892;7;6;NG;NG;NG;NG;6;5;NG;NG;NG;6;4;NG;NG;NG;NG;NG;NG;NG;NG;NG;NG;NG;6;NG;NG;NG;NG;NG
1001227;7;6;NG;NG;NG;NG;9;9;NG;NG;NG;6;8;NG;NG;NG;NG;NG;NG;NG;NG;NG;NG;NG;7;NG;NG;NG;NG;NG
1001442;8;8;NG;NG;NG;NG;8;8;9;7;8;8;7;8;8;NG;9;NG;6;NG;NG;NG;NG;8;6;7;NG;NG;NG;9
1001778;7;6;NG;NG;NG;NG;8;7;7;7;6;6;7;7;7;NG;7;NG;7;NG;NG;NG;NG;6;7;6;NG;NG;NG;6
1002372;9;8;8;9;8;10;10;9;9;9;7;7;8;7;9;8;8;10;9;NG;7;9;NG;7;8;8;NG;9;9;7
1000257;8;9;NG;NG;NG;NG;10;9;NG;NG;NG;8;10;NG;NG;NG;NG;NG;NG;NG;NG;NG;NG;NG;8;NG;NG;NG;NG;NG
1001678;7;8;NG;NG;NG;NG;8;8;8;7;9;8;8;8;7;NG;8;NG;7;NG;NG;NG;NG;8;6;6;NG;NG;NG;7
1001663;7;7;NG;NG;NG;NG;8;8;6;7;6;6;6;7;6;NG;6;NG;7;NG;NG;NG;NG;6;6;8;NG;NG;NG;6
1001907;8;7;NG;NG;NG;NG;8;7;6;7;7;6;7;7;6;NG;6;NG;7;NG;NG;NG;NG;7;8;7;NG;NG;NG;7
1000338;7;7;NG;NG;NG;NG;9;7;NG;NG;NG;6;7;NG;NG;NG;NG;NG;NG;NG;NG;NG;NG;NG;7;NG;NG;NG;NG;NG
1001744;7;7;NG;NG;NG;NG;8;8;7;8;7;7;7;7;7;NG;6;NG;8;NG;NG;NG;NG;6;7;7;NG;NG;NG;7
1002345;8;9;8;8;9;9;8;10;10;8;10;9;10;9;9;9;10;9;9;NG;7;7;NG;8;7;6;NG;9;7;9
1002812;9;8;8;8;8;9;7;8;9;7;9;8;9;8;9;7;10;9;8;NG;7;8;NG;8;7;7;NG;8;6;9
1000833;6;6;NG;NG;NG;NG;8;7;NG;NG;NG;5;7;NG;NG;NG;NG;NG;NG;NG;NG;NG;NG;NG;7;NG;NG;NG;NG;NG
1000518;8;7;NG;NG;NG;NG;9;8;NG;NG;NG;6;8;NG;NG;NG;NG;NG;NG;NG;NG;NG;NG;NG;7;NG;NG;NG;NG;NG
1002801;8;8;6;7;9;8;8;7;7;9;6;6;6;6;7;5;7;10;8;NG;5;8;NG;7;8;6;NG;7;6;6
1000429;7;8;NG;NG;NG;NG;7;8;NG;NG;NG;8;8;NG;NG;NG;NG;NG;NG;NG;NG;NG;NG;NG;7;NG;NG;NG;NG;NG
1000863;8;7;NG;NG;NG;NG;10;9;NG;NG;NG;5;8;NG;NG;NG;NG;NG;NG;NG;NG;NG;NG;NG;7;NG;NG;NG;NG;NG
1000184;8;7;NG;NG;NG;NG;10;8;NG;NG;NG;5;7;NG;NG;NG;NG;NG;NG;NG;NG;NG;NG;NG;8;NG;NG;NG;NG;NG
1002799;8;7;7;9;8;7;8;9;7;8;7;6;7;8;9;7;7;8;8;NG;7;7;NG;6;8;8;NG;8;10;6
1000046;6;6;NG;NG;NG;NG;7;6;NG;NG;NG;5;6;NG;NG;NG;NG;NG;NG;NG;NG;NG;NG;NG;6;NG;NG;NG;NG;NG
1002096;9;8;NG;NG;NG;NG;8;8;8;8;7;8;7;7;9;NG;8;NG;8;NG;NG;NG;NG;7;8;8;NG;NG;NG;9
1002453;6;7;7;NG;7;NG;7;6;7;6;7;7;6;6;7;NG;9;6;5;NG;NG;NG;NG;7;6;5;NG;NG;NG;7
1000219;9;8;NG;NG;NG;NG;7;8;NG;NG;NG;9;8;NG;NG;NG;NG;NG;NG;NG;NG;NG;NG;NG;7;NG;NG;NG;NG;NG
1001377;7;7;NG;NG;NG;NG;8;6;6;5;7;6;7;6;6;NG;8;NG;6;NG;NG;NG;NG;6;6;6;NG;NG;NG;6
1001652;10;9;NG;NG;NG;NG;8;8;10;9;8;8;7;8;9;NG;9;NG;9;NG;NG;NG;NG;8;8;8;NG;NG;NG;8
1000035;7;7;NG;NG;NG;NG;7;7;NG;NG;NG;6;5;NG;NG;NG;NG;NG;NG;NG;NG;NG;NG;NG;5;NG;NG;NG;NG;NG
1000269;9;8;NG;NG;NG;NG;7;7;NG;NG;NG;5;6;NG;NG;NG;NG;NG;NG;NG;NG;NG;NG;NG;9;NG;NG;NG;NG;NG
1000627;8;8;NG;NG;NG;NG;8;8;NG;NG;NG;6;6;NG;NG;NG;NG;NG;NG;NG;NG;NG;NG;NG;7;NG;NG;NG;NG;NG
1000130;6;5;NG;NG;NG;NG;7;8;NG;NG;NG;6;7;NG;NG;NG;NG;NG;NG;NG;NG;NG;NG;NG;4;NG;NG;NG;NG;NG
1000953;6;6;NG;NG;NG;NG;8;7;NG;NG;NG;5;6;NG;NG;NG;NG;NG;NG;NG;NG;NG;NG;NG;5;NG;NG;NG;NG;NG
1002784;7;8;7;8;8;8;8;9;6;8;6;6;8;6;8;7;6;9;8;NG;6;8;NG;6;7;8;NG;8;8;6
1000387;7;7;NG;NG;NG;NG;8;8;NG;NG;NG;7;8;NG;NG;NG;NG;NG;NG;NG;NG;NG;NG;NG;5;NG;NG;NG;NG;NG
1001493;8;9;NG;NG;NG;NG;9;10;10;8;10;9;9;9;8;NG;10;NG;8;NG;NG;NG;NG;8;8;8;NG;NG;NG;9
1001130;9;9;NG;NG;NG;NG;9;7;NG;NG;NG;6;6;NG;NG;NG;NG;NG;NG;NG;NG;NG;NG;NG;9;NG;NG;NG;NG;NG
1002457;7;6;7;7;6;6;7;7;6;6;6;6;6;6;8;5;6;7;6;NG;5;6;NG;6;6;6;NG;6;7;6
1000895;8;8;NG;NG;NG;NG;7;6;NG;NG;NG;7;6;NG;NG;NG;NG;NG;NG;NG;NG;NG;NG;NG;7;NG;NG;NG;NG;NG
1002817;8;9;9;9;9;9;10;10;8;9;9;8;9;9;9;9;8;10;8;NG;7;8;NG;8;9;8;NG;10;9;8
1000240;8;7;NG;NG;NG;NG;7;7;NG;NG;NG;6;5;NG;NG;NG;NG;NG;NG;NG;NG;NG;NG;NG;7;NG;NG;NG;NG;NG
1000298;7;8;NG;NG;NG;NG;7;8;NG;NG;NG;8;8;NG;NG;NG;NG;NG;NG;NG;NG;NG;NG;NG;7;NG;NG;NG;NG;NG
1000433;7;6;NG;NG;NG;NG;6;7;NG;NG;NG;6;6;NG;NG;NG;NG;NG;NG;NG;NG;NG;NG;NG;6;NG;NG;NG;NG;NG
1001787;6;7;NG;NG;NG;NG;7;6;6;8;6;6;5;5;7;NG;7;NG;7;NG;NG;NG;NG;7;8;6;NG;NG;NG;7
1001860;6;7;NG;NG;NG;NG;6;7;7;6;7;7;7;6;8;NG;8;NG;7;NG;NG;NG;NG;7;7;6;NG;NG;NG;8
1002840;7;7;6;NG;7;NG;7;8;7;6;8;8;9;7;7;NG;8;7;6;NG;NG;NG;NG;7;6;5;NG;NG;NG;8
1000226;8;7;NG;NG;NG;NG;8;8;NG;NG;NG;6;6;NG;NG;NG;NG;NG;NG;NG;NG;NG;NG;NG;8;NG;NG;NG;NG;NG
1002190;7;9;NG;NG;NG;NG;8;6;9;7;8;10;7;7;8;NG;10;NG;7;NG;NG;NG;NG;7;7;7;NG;NG;NG;9
1001371;8;9;NG;NG;NG;NG;8;8;7;7;7;6;7;8;8;NG;8;NG;8;NG;NG;NG;NG;7;8;7;NG;NG;NG;7
1001452;8;9;NG;NG;NG;NG;9;9;9;9;7;7;8;8;8;NG;8;NG;9;NG;NG;NG;NG;7;8;8;NG;NG;NG;7
1000526;6;7;NG;NG;NG;NG;6;7;NG;NG;NG;6;7;NG;NG;NG;NG;NG;NG;NG;NG;NG;NG;NG;7;NG;NG;NG;NG;NG
1000539;8;8;NG;NG;NG;NG;9;8;NG;NG;NG;8;9;NG;NG;NG;NG;NG;NG;NG;NG;NG;NG;NG;8;NG;NG;NG;NG;NG
1002387;7;7;6;7;8;8;8;7;6;8;7;7;7;7;8;6;8;8;7;NG;6;6;NG;7;6;7;NG;9;8;7
1002747;7;7;9;7;7;7;7;7;8;7;8;9;7;7;8;7;9;6;6;NG;6;7;NG;8;6;6;NG;7;5;8
1000897;8;7;NG;NG;NG;NG;8;8;NG;NG;NG;6;7;NG;NG;NG;NG;NG;NG;NG;NG;NG;NG;NG;8;NG;NG;NG;NG;NG
1002778;8;8;7;9;9;9;8;8;8;8;7;8;7;7;8;8;8;10;9;NG;7;10;NG;8;8;8;NG;8;7;7
1002675;7;6;6;NG;NG;NG;6;7;5;7;5;4;6;6;NG;NG;5;6;6;NG;NG;NG;NG;4;7;6;NG;NG;NG;5
1001525;7;7;NG;NG;NG;NG;7;7;5;5;6;6;6;6;NG;NG;7;NG;6;NG;NG;NG;NG;6;6;4;NG;NG;NG;6
1001752;7;8;NG;NG;NG;NG;9;8;7;5;7;7;9;7;8;NG;9;NG;7;NG;NG;NG;NG;7;7;6;NG;NG;NG;7
1000214;7;6;NG;NG;NG;NG;6;7;NG;NG;NG;4;4;NG;NG;NG;NG;NG;NG;NG;NG;NG;NG;NG;7;NG;NG;NG;NG;NG
1001425;7;8;NG;NG;NG;NG;7;8;7;7;8;7;9;7;8;NG;9;NG;8;NG;NG;NG;NG;7;6;6;NG;NG;NG;8
1000799;8;7;NG;NG;NG;NG;8;7;NG;NG;NG;5;6;NG;NG;NG;NG;NG;NG;NG;NG;NG;NG;NG;NG;NG;NG;NG;NG;NG
1001358;7;8;NG;NG;NG;NG;8;8;NG;NG;NG;8;8;NG;NG;NG;NG;NG;NG;NG;NG;NG;NG;NG;6;NG;NG;NG;NG;NG
1001393;7;8;NG;NG;NG;NG;8;7;8;7;8;7;8;6;7;NG;8;NG;7;NG;NG;NG;NG;7;6;7;NG;NG;NG;8
1000295;5;6;NG;NG;NG;NG;7;NG;NG;NG;NG;4;5;NG;NG;NG;NG;NG;NG;NG;NG;NG;NG;NG;5;NG;NG;NG;NG;NG
1000956;8;8;NG;NG;NG;NG;10;8;NG;NG;NG;8;8;NG;NG;NG;NG;NG;NG;NG;NG;NG;NG;NG;8;NG;NG;NG;NG;NG
1000481;6;7;NG;NG;NG;NG;8;10;NG;NG;NG;8;8;NG;NG;NG;NG;NG;NG;NG;NG;NG;NG;NG;7;NG;NG;NG;NG;NG
1000666;9;7;NG;NG;NG;NG;9;8;NG;NG;NG;6;8;NG;NG;NG;NG;NG;NG;NG;NG;NG;NG;NG;7;NG;NG;NG;NG;NG
1000373;9;7;NG;NG;NG;NG;8;9;NG;NG;NG;7;7;NG;NG;NG;NG;NG;NG;NG;NG;NG;NG;NG;8;NG;NG;NG;NG;NG
1002783;8;9;8;9;7;8;10;9;8;8;9;8;9;9;8;9;8;7;8;NG;7;7;NG;8;7;7;NG;10;8;9
1000334;9;9;NG;NG;NG;NG;9;10;NG;NG;NG;8;9;NG;NG;NG;NG;NG;NG;NG;NG;NG;NG;NG;7;NG;NG;NG;NG;NG
1001103;8;6;NG;NG;NG;NG;8;8;NG;NG;NG;6;7;NG;NG;NG;NG;NG;NG;NG;NG;NG;NG;NG;NG;NG;NG;NG;NG;NG
1002399;8;8;7;8;8;8;9;8;7;8;9;7;8;8;8;9;6;9;8;NG;5;7;NG;8;7;7;NG;8;8;7
1000750;7;8;NG;NG;NG;NG;7;7;NG;NG;NG;6;6;NG;NG;NG;NG;NG;NG;NG;NG;NG;NG;NG;7;NG;NG;NG;NG;NG
1002435;8;8;7;9;7;7;9;8;8;8;7;6;7;7;7;9;7;7;8;NG;7;7;NG;7;7;7;NG;9;9;7
1001444;6;6;NG;NG;NG;NG;7;6;6;5;6;6;7;7;6;NG;6;NG;5;NG;NG;NG;NG;4;5;5;NG;NG;NG;7
1000412;7;7;NG;NG;NG;NG;8;8;NG;NG;NG;8;9;NG;NG;NG;NG;NG;NG;NG;NG;NG;NG;NG;5;NG;NG;NG;NG;NG
1002378;8;7;7;8;7;8;9;8;8;7;8;8;7;7;8;7;8;8;7;NG;7;7;NG;8;6;6;NG;8;6;8
1001391;8;8;NG;NG;NG;NG;9;9;8;9;9;8;8;8;9;NG;9;NG;8;NG;NG;NG;NG;8;7;8;NG;NG;NG;8
1001746;9;9;NG;NG;NG;NG;9;9;8;8;8;8;9;8;9;NG;9;NG;8;NG;NG;NG;NG;7;8;8;NG;NG;NG;8
1000789;9;9;NG;NG;NG;NG;9;8;NG;NG;NG;8;7;NG;NG;NG;NG;NG;NG;NG;NG;NG;NG;NG;9;NG;NG;NG;NG;NG
1002478;9;8;6;7;8;8;8;8;6;8;6;6;7;7;7;6;7;9;8;NG;6;8;NG;8;7;7;NG;9;8;6
1000190;7;7;NG;NG;NG;NG;8;7;NG;NG;NG;5;6;NG;NG;NG;NG;NG;NG;NG;NG;NG;NG;NG;7;NG;NG;NG;NG;NG
1000570;NG;7;NG;NG;NG;NG;9;8;NG;NG;NG;5;6;NG;NG;NG;NG;NG;NG;NG;NG;NG;NG;NG;7;NG;NG;NG;NG;NG
1002635;9;8;8;8;8;8;10;9;8;9;8;6;7;8;8;9;8;10;8;NG;7;8;NG;8;8;8;NG;9;9;7
1002348;9;8;7;8;8;7;8;6;8;9;5;6;6;6;8;5;8;9;8;NG;7;7;NG;7;7;7;NG;7;7;7
1000904;7;8;NG;NG;NG;NG;7;7;NG;NG;NG;5;5;NG;NG;NG;NG;NG;NG;NG;NG;NG;NG;NG;8;NG;NG;NG;NG;NG
1000528;8;8;NG;NG;NG;NG;8;8;NG;NG;NG;5;6;NG;NG;NG;NG;NG;NG;NG;NG;NG;NG;NG;7;NG;NG;NG;NG;NG
1001063;8;8;NG;NG;NG;NG;8;8;NG;NG;NG;9;10;NG;NG;NG;NG;NG;NG;NG;NG;NG;NG;NG;7;NG;NG;NG;NG;NG
1000113;8;8;NG;NG;NG;NG;8;7;NG;NG;NG;6;5;NG;NG;NG;NG;NG;NG;NG;NG;NG;NG;NG;8;NG;NG;NG;NG;NG
1002079;6;7;NG;NG;NG;NG;8;6;6;6;6;6;7;6;7;NG;7;NG;6;NG;NG;NG;NG;7;7;7;NG;NG;NG;7
1002228;7;7;NG;NG;NG;NG;8;9;6;6;8;6;8;8;NG;NG;8;NG;7;NG;NG;NG;NG;7;7;7;NG;NG;NG;8
1001680;9;8;NG;NG;NG;NG;8;7;8;8;7;7;8;7;9;NG;9;NG;8;NG;NG;NG;NG;7;7;8;NG;NG;NG;8
1001059;8;9;NG;NG;NG;NG;8;8;NG;NG;NG;6;7;NG;NG;NG;NG;NG;NG;NG;NG;NG;NG;NG;9;NG;NG;NG;NG;NG
1002361;8;8;7;8;8;7;9;8;6;8;6;6;6;7;8;5;6;8;7;NG;7;7;NG;6;8;7;NG;7;8;7
1002604;7;6;7;7;7;7;8;8;7;8;7;6;6;8;7;8;6;8;7;NG;7;NG;NG;6;7;7;NG;8;8;7
1000087;7;7;NG;NG;NG;NG;7;8;NG;NG;NG;5;7;NG;NG;NG;NG;NG;NG;NG;NG;NG;NG;NG;5;NG;NG;NG;NG;NG
1002407;8;8;8;9;8;7;9;9;7;9;7;6;6;8;8;7;7;8;8;NG;7;7;NG;7;8;9;NG;8;8;7
1001353;8;6;NG;NG;NG;NG;8;8;NG;NG;NG;5;6;NG;NG;NG;NG;NG;NG;NG;NG;NG;NG;NG;7;NG;NG;NG;NG;NG
1000487;7;6;NG;NG;NG;NG;6;6;NG;NG;NG;4;5;NG;NG;NG;NG;NG;NG;NG;NG;NG;NG;NG;7;NG;NG;NG;NG;NG
1002115;8;7;NG;NG;NG;NG;8;8;8;7;7;8;7;8;8;NG;10;NG;7;NG;NG;NG;NG;7;7;6;NG;NG;NG;8
1001708;7;7;NG;NG;NG;NG;8;8;7;8;7;6;6;6;8;NG;7;NG;8;NG;NG;NG;NG;6;7;7;NG;NG;NG;6
1001608;7;7;NG;NG;NG;NG;7;7;6;5;6;5;6;6;6;NG;8;NG;6;NG;NG;NG;NG;6;7;6;NG;NG;NG;6
1001322;7;7;NG;NG;NG;NG;8;5;NG;NG;NG;5;5;NG;NG;NG;NG;NG;NG;NG;NG;NG;NG;NG;7;NG;NG;NG;NG;NG
1000357;6;7;NG;NG;NG;NG;8;8;NG;NG;NG;6;8;NG;NG;NG;NG;NG;NG;NG;NG;NG;NG;NG;5;NG;NG;NG;NG;NG
1001071;7;9;NG;NG;NG;NG;8;7;NG;NG;NG;7;7;NG;NG;NG;NG;NG;NG;NG;NG;NG;NG;NG;8;NG;NG;NG;NG;NG
1002175;9;10;NG;NG;NG;NG;10;8;8;9;8;9;9;8;10;NG;8;NG;10;NG;NG;NG;NG;9;10;9;NG;NG;NG;7
1001011;6;5;NG;NG;NG;NG;7;7;NG;NG;NG;4;6;NG;NG;NG;NG;NG;NG;NG;NG;NG;NG;NG;5;NG;NG;NG;NG;NG
1002040;8;7;NG;NG;NG;NG;8;8;6;8;7;5;7;7;7;NG;7;NG;7;NG;NG;NG;NG;6;7;7;NG;NG;NG;7
1000619;8;8;NG;NG;NG;NG;8;9;NG;NG;NG;6;7;NG;NG;NG;NG;NG;NG;NG;NG;NG;NG;NG;8;NG;NG;NG;NG;NG
1000126;7;9;NG;NG;NG;NG;NG;8;NG;NG;NG;8;8;NG;NG;NG;NG;NG;NG;NG;NG;NG;NG;NG;8;NG;NG;NG;NG;NG
1002305;8;9;8;7;9;8;7;8;9;8;7;8;7;7;9;8;10;8;7;NG;7;7;NG;8;8;6;NG;6;6;8
1000077;9;9;NG;NG;NG;NG;10;10;NG;NG;NG;8;8;NG;NG;NG;NG;NG;NG;NG;NG;NG;NG;NG;10;NG;NG;NG;NG;NG
1000602;7;6;NG;NG;NG;NG;8;7;NG;NG;NG;6;7;NG;NG;NG;NG;NG;NG;NG;NG;NG;NG;NG;6;NG;NG;NG;NG;NG
1002850;8;10;8;8;8;8;8;8;8;7;7;7;8;6;8;7;9;9;8;NG;7;8;NG;9;8;6;NG;8;6;8
1001954;7;8;NG;NG;NG;NG;9;9;8;8;9;8;8;9;8;NG;9;NG;8;NG;NG;NG;NG;8;6;7;NG;NG;NG;8
1001977;7;6;NG;NG;NG;NG;6;8;5;7;5;4;6;7;6;NG;7;NG;7;NG;NG;NG;NG;6;6;6;NG;NG;NG;6
1001223;8;8;NG;NG;NG;NG;8;7;NG;NG;NG;6;6;NG;NG;NG;NG;NG;NG;NG;NG;NG;NG;NG;7;NG;NG;NG;NG;NG
1002183;8;9;NG;NG;NG;NG;8;8;9;8;8;8;8;8;9;NG;9;NG;9;NG;NG;NG;NG;9;7;7;NG;NG;NG;9
1001851;7;7;NG;NG;NG;NG;8;8;6;7;7;6;7;7;7;NG;5;NG;7;NG;NG;NG;NG;6;7;8;NG;NG;NG;7
1000928;9;8;NG;NG;NG;NG;8;8;NG;NG;NG;8;7;NG;NG;NG;NG;NG;NG;NG;NG;NG;NG;NG;9;NG;NG;NG;NG;NG
1002018;8;9;NG;NG;NG;NG;9;8;10;9;10;9;10;8;9;NG;10;NG;8;NG;NG;NG;NG;9;8;8;NG;NG;NG;9
1000960;7;8;NG;NG;NG;NG;7;7;NG;NG;NG;7;6;NG;NG;NG;NG;NG;NG;NG;NG;NG;NG;NG;6;NG;NG;NG;NG;NG
1002049;9;9;NG;NG;NG;NG;9;8;9;9;7;8;8;7;9;NG;9;NG;8;NG;NG;NG;NG;9;9;7;NG;NG;NG;8
1001587;6;7;NG;NG;NG;NG;8;8;7;7;7;8;8;7;7;NG;8;NG;6;NG;NG;NG;NG;7;7;5;NG;NG;NG;8
1000979;8;8;NG;NG;NG;NG;9;9;NG;NG;NG;7;7;NG;NG;NG;NG;NG;NG;NG;NG;NG;NG;NG;8;NG;NG;NG;NG;NG
1001180;7;8;NG;NG;NG;NG;10;10;NG;NG;NG;7;9;NG;NG;NG;NG;NG;NG;NG;NG;NG;NG;NG;8;NG;NG;NG;NG;NG
1001671;7;8;NG;NG;NG;NG;9;10;8;9;8;8;9;8;8;NG;10;NG;7;NG;NG;NG;NG;8;6;7;NG;NG;NG;8
1002711;9;9;9;9;9;9;9;7;9;8;8;8;8;7;8;8;9;9;8;NG;7;9;NG;8;8;8;NG;8;7;9
1000105;7;8;NG;NG;NG;NG;7;7;NG;NG;NG;6;5;NG;NG;NG;NG;NG;NG;NG;NG;NG;NG;NG;6;NG;NG;NG;NG;NG
1001697;8;7;NG;NG;NG;NG;8;8;7;8;7;6;7;7;8;NG;8;NG;8;NG;NG;NG;NG;7;8;8;NG;NG;NG;6
1000882;8;7;NG;NG;NG;NG;9;8;NG;NG;NG;6;8;NG;NG;NG;NG;NG;NG;NG;NG;NG;NG;NG;7;NG;NG;NG;NG;NG
1000099;7;7;NG;NG;NG;NG;7;8;NG;NG;NG;7;7;NG;NG;NG;NG;NG;NG;NG;NG;NG;NG;NG;7;NG;NG;NG;NG;NG
1000108;7;7;NG;NG;NG;NG;7;7;NG;NG;NG;6;7;NG;NG;NG;NG;NG;NG;NG;NG;NG;NG;NG;6;NG;NG;NG;NG;NG
1000383;6;7;NG;NG;NG;NG;7;7;NG;NG;NG;6;8;NG;NG;NG;NG;NG;NG;NG;NG;NG;NG;NG;5;NG;NG;NG;NG;NG
1000200;8;9;NG;NG;NG;NG;9;8;NG;NG;NG;8;10;NG;NG;NG;NG;NG;NG;NG;NG;NG;NG;NG;9;NG;NG;NG;NG;NG
1000715;7;6;NG;NG;NG;NG;7;6;NG;NG;NG;6;4;NG;NG;NG;NG;NG;NG;NG;NG;NG;NG;NG;7;NG;NG;NG;NG;NG
1000289;6;7;NG;NG;NG;NG;9;8;NG;NG;NG;7;7;NG;NG;NG;NG;NG;NG;NG;NG;NG;NG;NG;5;NG;NG;NG;NG;NG
1000916;7;8;NG;NG;NG;NG;8;8;NG;NG;NG;7;6;NG;NG;NG;NG;NG;NG;NG;NG;NG;NG;NG;6;NG;NG;NG;NG;NG
1002547;8;7;6;8;8;8;7;7;8;7;6;6;7;7;7;6;7;9;6;NG;6;7;NG;6;6;7;NG;7;6;6
1000299;5;6;NG;NG;NG;NG;7;6;NG;NG;NG;6;7;NG;NG;NG;NG;NG;NG;NG;NG;NG;NG;NG;5;NG;NG;NG;NG;NG
1001712;7;6;NG;NG;NG;NG;7;7;7;7;7;6;6;7;7;NG;7;NG;NG;NG;NG;NG;NG;6;7;7;NG;NG;NG;7
1000872;7;7;NG;NG;NG;NG;7;8;NG;NG;NG;7;7;NG;NG;NG;NG;NG;NG;NG;NG;NG;NG;NG;5;NG;NG;NG;NG;NG
1001332;8;7;NG;NG;NG;NG;8;8;NG;NG;NG;6;6;NG;NG;NG;NG;NG;NG;NG;NG;NG;NG;NG;7;NG;NG;NG;NG;NG
1000436;8;9;NG;NG;NG;NG;8;8;NG;NG;NG;6;7;NG;NG;NG;NG;NG;NG;NG;NG;NG;NG;NG;8;NG;NG;NG;NG;NG
1001173;7;8;NG;NG;NG;NG;8;9;NG;NG;NG;6;8;NG;NG;NG;NG;NG;NG;NG;NG;NG;NG;NG;7;NG;NG;NG;NG;NG
1000963;9;9;NG;NG;NG;NG;8;8;NG;NG;NG;6;5;NG;NG;NG;NG;NG;NG;NG;NG;NG;NG;NG;8;NG;NG;NG;NG;NG
1002334;7;8;7;NG;7;NG;6;6;7;6;7;8;7;6;8;NG;9;8;7;NG;NG;NG;NG;6;7;5;NG;NG;NG;7
1001384;7;7;NG;NG;NG;NG;8;9;8;7;6;6;8;8;8;NG;9;NG;7;NG;NG;NG;NG;7;6;7;NG;NG;NG;8
1000325;10;10;NG;NG;NG;NG;9;9;NG;NG;NG;8;7;NG;NG;NG;NG;NG;NG;NG;NG;NG;NG;NG;10;NG;NG;NG;NG;NG
1001014;9;10;NG;NG;NG;NG;8;9;NG;NG;NG;10;9;NG;NG;NG;NG;NG;NG;NG;NG;NG;NG;NG;8;NG;NG;NG;NG;NG
1002304;6;7;6;6;7;7;8;8;6;6;7;6;7;7;7;7;8;8;7;NG;5;6;NG;6;7;6;NG;8;6;7
1002201;8;8;NG;NG;NG;NG;8;8;8;8;8;8;8;8;10;NG;9;NG;8;NG;NG;NG;NG;9;7;7;NG;NG;NG;8
1000759;8;7;NG;NG;NG;NG;7;8;NG;NG;NG;6;7;NG;NG;NG;NG;NG;NG;NG;NG;NG;NG;NG;7;NG;NG;NG;NG;NG
1001665;9;10;NG;NG;NG;NG;9;10;8;9;8;9;9;8;10;NG;9;NG;9;NG;NG;NG;NG;8;9;8;NG;NG;NG;8
1002696;9;10;9;8;8;9;9;9;9;8;9;9;10;9;9;9;10;9;9;NG;7;8;NG;9;7;8;NG;9;8;9
1001295;7;8;NG;NG;NG;NG;8;6;NG;NG;NG;6;7;NG;NG;NG;NG;NG;NG;NG;NG;NG;NG;NG;7;NG;NG;NG;NG;NG
1002651;8;9;9;10;10;10;10;9;9;10;9;7;8;8;8;9;9;10;8;NG;8;9;NG;8;9;9;NG;9;10;8
1001898;6;7;NG;NG;NG;NG;7;7;6;7;5;6;6;7;7;NG;6;NG;6;NG;NG;NG;NG;5;6;6;NG;NG;NG;6
1001753;8;7;NG;NG;NG;NG;7;7;7;7;6;6;7;6;8;NG;8;NG;6;NG;NG;NG;NG;7;8;6;NG;NG;NG;7
1002239;6;6;NG;NG;NG;NG;6;6;6;7;6;6;7;7;7;NG;7;NG;5;NG;NG;NG;NG;5;5;6;NG;NG;NG;6
1002131;8;9;NG;NG;NG;NG;8;8;8;9;6;7;7;7;8;NG;8;NG;7;NG;NG;NG;NG;9;8;6;NG;NG;NG;8
1001254;10;9;NG;NG;NG;NG;8;8;NG;NG;NG;8;6;NG;NG;NG;NG;NG;NG;NG;NG;NG;NG;NG;8;NG;NG;NG;NG;NG
1001959;8;9;NG;NG;NG;NG;7;8;8;7;10;8;7;7;7;NG;9;NG;7;NG;NG;NG;NG;7;6;6;NG;NG;NG;7
1002003;8;6;NG;NG;NG;NG;7;7;NG;7;6;6;6;6;8;NG;7;NG;7;NG;NG;NG;NG;6;7;6;NG;NG;NG;6
1000137;5;6;NG;NG;NG;NG;7;8;NG;NG;NG;7;7;NG;NG;NG;NG;NG;NG;NG;NG;NG;NG;NG;5;NG;NG;NG;NG;NG
1001018;6;7;NG;NG;NG;NG;7;7;NG;NG;NG;8;7;NG;NG;NG;NG;NG;NG;NG;NG;NG;NG;NG;6;NG;NG;NG;NG;NG
1001401;9;10;NG;NG;NG;NG;9;8;9;10;7;9;7;9;9;NG;10;NG;7;NG;NG;NG;NG;9;9;8;NG;NG;NG;8
1001331;10;8;NG;NG;NG;NG;10;9;NG;NG;NG;8;8;NG;NG;NG;NG;NG;NG;NG;NG;NG;NG;NG;9;NG;NG;NG;NG;NG
1000722;8;9;NG;NG;NG;NG;8;9;NG;NG;NG;8;8;NG;NG;NG;NG;NG;NG;NG;NG;NG;NG;NG;9;NG;NG;NG;NG;NG
1002392;7;9;7;8;8;8;9;9;9;7;9;8;9;8;9;9;9;8;7;NG;7;8;NG;8;7;7;NG;9;8;8
1002708;9;8;8;8;8;8;8;8;8;8;9;8;9;9;9;9;10;8;7;NG;8;6;NG;8;8;6;NG;9;8;9
1000294;8;8;NG;NG;NG;NG;7;7;NG;NG;NG;6;7;NG;NG;NG;NG;NG;NG;NG;NG;NG;NG;NG;7;NG;NG;NG;NG;NG
1001667;8;9;NG;NG;NG;NG;9;9;9;9;8;8;8;8;9;NG;9;NG;8;NG;NG;NG;NG;9;9;8;NG;NG;NG;8
1000170;7;8;NG;NG;NG;NG;7;6;NG;NG;NG;8;7;NG;NG;NG;NG;NG;NG;NG;NG;NG;NG;NG;6;NG;NG;NG;NG;NG
1000315;7;7;NG;NG;NG;NG;9;8;NG;NG;NG;8;10;NG;NG;NG;NG;NG;NG;NG;NG;NG;NG;NG;6;NG;NG;NG;NG;NG
1001528;7;7;NG;NG;NG;NG;8;8;7;7;9;8;9;8;9;NG;10;NG;7;NG;NG;NG;NG;8;6;6;NG;NG;NG;8
1001951;8;9;NG;NG;NG;NG;8;7;9;7;7;9;7;8;9;NG;8;NG;7;NG;NG;NG;NG;8;8;7;NG;NG;NG;8
1001508;8;9;NG;NG;NG;NG;7;8;8;8;8;8;7;6;NG;NG;9;NG;8;NG;NG;NG;NG;7;8;7;NG;NG;NG;8
1001611;7;6;NG;NG;NG;NG;8;7;6;8;4;4;6;6;7;NG;6;NG;6;NG;NG;NG;NG;6;6;6;NG;NG;NG;6
1000195;6;5;NG;NG;NG;NG;7;7;NG;NG;NG;5;6;NG;NG;NG;NG;NG;NG;NG;NG;NG;NG;NG;6;NG;NG;NG;NG;NG
1000182;6;7;NG;NG;NG;NG;9;7;NG;NG;NG;6;6;NG;NG;NG;NG;NG;NG;NG;NG;NG;NG;NG;7;NG;NG;NG;NG;NG
1002449;7;8;7;7;8;7;8;8;9;8;9;8;8;8;8;7;9;8;7;NG;7;6;NG;7;6;6;NG;7;7;8
1000117;7;7;NG;NG;NG;NG;7;7;NG;NG;NG;8;7;NG;NG;NG;NG;NG;NG;NG;NG;NG;NG;NG;6;NG;NG;NG;NG;NG
1002725;8;6;7;6;6;8;8;8;7;8;7;6;7;7;8;8;7;8;8;NG;7;7;NG;6;7;7;NG;8;8;7
1002113;8;9;NG;NG;NG;NG;9;9;7;7;7;8;8;8;8;NG;8;NG;8;NG;NG;NG;NG;8;8;8;NG;NG;NG;8
1001272;8;7;NG;NG;NG;NG;7;6;NG;NG;NG;6;6;NG;NG;NG;NG;NG;NG;NG;NG;NG;NG;NG;7;NG;NG;NG;NG;NG
1002357;9;9;7;8;8;7;9;8;8;7;6;7;7;8;9;6;8;9;7;NG;7;6;NG;8;8;8;NG;7;7;7
1001007;7;5;NG;NG;NG;NG;8;7;NG;NG;NG;5;6;NG;NG;NG;NG;NG;NG;NG;NG;NG;NG;NG;6;NG;NG;NG;NG;NG
1000073;7;7;NG;NG;NG;NG;6;8;NG;NG;NG;7;7;NG;NG;NG;NG;NG;NG;NG;NG;NG;NG;NG;5;NG;NG;NG;NG;NG
1000217;7;8;NG;NG;NG;NG;9;8;NG;NG;NG;7;8;NG;NG;NG;NG;NG;NG;NG;NG;NG;NG;NG;7;NG;NG;NG;NG;NG
1002300;6;6;7;NG;6;NG;6;6;6;6;6;6;6;6;6;NG;7;6;5;NG;NG;NG;NG;6;5;4;NG;NG;NG;6
1001519;8;8;NG;NG;NG;NG;9;9;8;8;9;9;8;8;9;NG;9;NG;8;NG;NG;NG;NG;8;8;7;NG;NG;NG;9
1002771;9;10;8;10;10;9;9;9;10;9;8;8;8;8;9;8;9;10;9;NG;8;10;NG;9;9;8;NG;9;8;8
1000531;8;7;NG;NG;NG;NG;8;7;NG;NG;NG;8;7;NG;NG;NG;NG;NG;NG;NG;NG;NG;NG;NG;7;NG;NG;NG;NG;NG
1002286;7;8;8;7;7;6;7;9;8;6;7;7;8;8;8;7;9;6;7;NG;6;6;NG;7;6;6;NG;7;7;8
1000104;7;8;NG;NG;NG;NG;8;8;NG;NG;NG;7;7;NG;NG;NG;NG;NG;NG;NG;NG;NG;NG;NG;7;NG;NG;NG;NG;NG
1000159;9;8;NG;NG;NG;NG;10;9;NG;NG;NG;8;8;NG;NG;NG;NG;NG;NG;NG;NG;NG;NG;NG;7;NG;NG;NG;NG;NG
1002468;6;7;8;8;7;7;8;8;7;7;6;6;7;7;7;7;8;9;7;NG;6;7;NG;7;7;8;NG;8;8;6
1002442;8;8;8;9;8;8;9;8;8;9;8;8;8;8;9;8;8;10;8;NG;7;9;NG;8;9;9;NG;10;9;7
1000724;6;6;NG;NG;NG;NG;6;6;NG;NG;NG;6;5;NG;NG;NG;NG;NG;NG;NG;NG;NG;NG;NG;5;NG;NG;NG;NG;NG
1000763;9;9;NG;NG;NG;NG;9;9;NG;NG;NG;8;9;NG;NG;NG;NG;NG;NG;NG;NG;NG;NG;NG;8;NG;NG;NG;NG;NG
1002006;8;8;NG;NG;NG;NG;8;7;8;8;9;8;8;7;8;NG;9;NG;7;NG;NG;NG;NG;8;8;7;NG;NG;NG;9
1001939;9;10;NG;NG;NG;NG;9;8;9;9;8;9;9;8;10;NG;10;NG;8;NG;NG;NG;NG;9;10;9;NG;NG;NG;8
1001273;7;7;NG;NG;NG;NG;8;7;NG;NG;NG;8;8;NG;NG;NG;NG;NG;NG;NG;NG;NG;NG;NG;7;NG;NG;NG;NG;NG
1001828;7;7;NG;NG;NG;NG;8;8;7;7;8;9;8;7;8;NG;9;NG;7;NG;NG;NG;NG;7;7;7;NG;NG;NG;9
1000865;8;8;NG;NG;NG;NG;8;8;NG;NG;NG;6;6;NG;NG;NG;NG;NG;NG;NG;NG;NG;NG;NG;8;NG;NG;NG;NG;NG
1002712;10;10;8;10;9;9;9;10;8;10;7;7;7;8;9;6;8;10;9;NG;7;10;NG;8;8;8;NG;8;8;7
1000439;7;6;NG;NG;NG;NG;6;6;NG;NG;NG;5;7;NG;NG;NG;NG;NG;NG;NG;NG;NG;NG;NG;6;NG;NG;NG;NG;NG
1000566;9;8;NG;NG;NG;NG;9;7;NG;NG;NG;6;6;NG;NG;NG;NG;NG;NG;NG;NG;NG;NG;NG;9;NG;NG;NG;NG;NG
1001418;9;8;NG;NG;NG;NG;8;8;7;8;7;7;7;7;8;NG;7;NG;8;NG;NG;NG;NG;7;7;7;NG;NG;NG;7
1002423;9;8;7;9;8;8;9;8;8;9;7;6;6;7;8;6;8;9;8;NG;7;8;NG;7;9;8;NG;8;7;6
1001351;9;8;NG;NG;NG;NG;8;9;NG;NG;NG;7;8;NG;NG;NG;NG;NG;NG;NG;NG;NG;NG;NG;9;NG;NG;NG;NG;NG
1002632;8;10;7;8;8;9;10;9;8;9;8;7;7;7;8;7;9;10;8;NG;8;8;NG;8;8;8;NG;8;8;8
1002410;6;6;6;7;6;6;8;6;6;6;6;6;6;6;7;6;6;7;6;NG;5;5;NG;6;6;6;NG;7;7;6
1000695;8;7;NG;NG;NG;NG;7;6;NG;NG;NG;7;6;NG;NG;NG;NG;NG;NG;NG;NG;NG;NG;NG;6;NG;NG;NG;NG;NG
1001474;9;9;NG;NG;NG;NG;10;9;9;10;9;7;9;9;9;NG;8;NG;10;NG;NG;NG;NG;7;10;9;NG;NG;NG;9
1000268;9;10;NG;NG;NG;NG;10;9;NG;NG;NG;9;9;NG;NG;NG;NG;NG;NG;NG;NG;NG;NG;NG;8;NG;NG;NG;NG;NG
1002758;9;9;9;8;9;8;8;8;9;9;8;9;9;7;9;8;9;8;8;NG;7;8;NG;8;8;7;NG;7;6;9
1002248;8;9;NG;NG;NG;NG;9;9;8;8;8;9;9;8;8;NG;9;NG;9;NG;NG;NG;NG;8;9;9;NG;NG;NG;9
1002264;8;9;9;8;7;7;8;7;10;7;7;9;8;7;8;7;9;9;7;NG;7;7;NG;9;7;6;NG;8;5;9
1000314;8;8;NG;NG;NG;NG;9;9;NG;NG;NG;7;9;NG;NG;NG;NG;NG;NG;NG;NG;NG;NG;NG;7;NG;NG;NG;NG;NG
1001300;7;7;NG;NG;NG;NG;8;8;NG;NG;NG;7;7;NG;NG;NG;NG;NG;NG;NG;NG;NG;NG;NG;5;NG;NG;NG;NG;NG
1000934;8;8;NG;NG;NG;NG;8;8;NG;NG;NG;7;8;NG;NG;NG;NG;NG;NG;NG;NG;NG;NG;NG;8;NG;NG;NG;NG;NG
1001473;7;6;NG;NG;NG;NG;8;7;6;7;5;5;7;6;7;NG;6;NG;6;NG;NG;NG;NG;5;6;5;NG;NG;NG;6
1002687;9;8;9;8;9;8;9;9;9;8;10;10;10;9;10;10;10;9;9;NG;8;8;NG;9;8;8;NG;10;7;10
1000055;7;7;NG;NG;NG;NG;7;8;NG;NG;NG;6;5;NG;NG;NG;NG;NG;NG;NG;NG;NG;NG;NG;8;NG;NG;NG;NG;NG
1001886;8;9;NG;NG;NG;NG;7;8;8;8;8;7;8;7;9;NG;9;NG;8;NG;NG;NG;NG;7;8;6;NG;NG;NG;8
1000292;6;7;NG;NG;NG;NG;7;6;NG;NG;NG;5;5;NG;NG;NG;NG;NG;NG;NG;NG;NG;NG;NG;6;NG;NG;NG;NG;NG
1001106;7;7;NG;NG;NG;NG;7;8;NG;NG;NG;6;7;NG;NG;NG;NG;NG;NG;NG;NG;NG;NG;NG;6;NG;NG;NG;NG;NG
1002308;7;9;7;7;8;7;6;7;8;7;8;9;8;7;8;6;9;9;7;NG;5;7;NG;7;7;7;NG;7;5;7
1001197;7;7;NG;NG;NG;NG;8;9;NG;NG;NG;6;6;NG;NG;NG;NG;NG;NG;NG;NG;NG;NG;NG;7;NG;NG;NG;NG;NG
1001486;9;9;NG;NG;NG;NG;9;8;9;10;7;7;7;7;9;NG;10;NG;8;NG;NG;NG;NG;8;9;9;NG;NG;NG;7
1001021;5;5;NG;NG;NG;NG;7;6;NG;NG;NG;4;5;NG;NG;NG;NG;NG;NG;NG;NG;NG;NG;NG;6;NG;NG;NG;NG;NG
1002385;8;8;7;8;9;8;7;8;8;8;6;7;6;6;8;6;7;9;8;NG;7;8;NG;7;9;7;NG;7;7;6
1001186;9;8;NG;NG;NG;NG;10;9;NG;NG;NG;7;7;NG;NG;NG;NG;NG;NG;NG;NG;NG;NG;NG;8;NG;NG;NG;NG;NG
1002647;8;7;7;7;8;7;8;7;7;8;6;6;6;6;8;5;6;10;6;NG;7;7;NG;6;8;6;NG;7;6;6
1001741;8;8;NG;NG;NG;NG;9;9;8;9;7;6;7;8;9;NG;7;NG;8;NG;NG;NG;NG;7;9;8;NG;NG;NG;7
1000301;6;8;NG;NG;NG;NG;9;8;NG;NG;NG;7;8;NG;NG;NG;NG;NG;NG;NG;NG;NG;NG;NG;5;NG;NG;NG;NG;NG
1001306;9;8;NG;NG;NG;NG;8;8;NG;NG;NG;7;8;NG;NG;NG;NG;NG;NG;NG;NG;NG;NG;NG;8;NG;NG;NG;NG;NG
1001924;6;7;NG;NG;NG;NG;8;6;7;6;7;7;6;6;8;NG;7;NG;6;NG;NG;NG;NG;6;6;5;NG;NG;NG;7
1000797;8;8;NG;NG;NG;NG;9;8;NG;NG;NG;6;8;NG;NG;NG;NG;NG;NG;NG;NG;NG;NG;NG;8;NG;NG;NG;NG;NG
1002472;8;7;7;9;8;7;8;6;8;8;6;6;6;7;7;6;7;9;7;NG;7;8;NG;7;8;7;NG;7;7;6
1001705;8;9;NG;NG;NG;NG;7;8;8;7;8;8;7;8;8;NG;10;NG;7;NG;NG;NG;NG;8;8;8;NG;NG;NG;7
1000192;8;7;NG;NG;NG;NG;8;8;NG;NG;NG;6;7;NG;NG;NG;NG;NG;NG;NG;NG;NG;NG;NG;8;NG;NG;NG;NG;NG
1001943;6;7;NG;NG;NG;NG;8;7;6;6;7;7;9;8;8;NG;9;NG;7;NG;NG;NG;NG;7;6;5;NG;NG;NG;8
1001955;7;7;NG;NG;NG;NG;9;7;6;7;6;5;6;7;7;NG;5;NG;7;NG;NG;NG;NG;6;7;7;NG;NG;NG;6
1002613;8;7;8;7;6;6;8;8;8;8;9;8;9;8;9;8;9;8;7;NG;6;6;NG;7;7;6;NG;8;8;8
1000416;6;7;NG;NG;NG;NG;8;8;NG;NG;NG;7;7;NG;NG;NG;NG;NG;NG;NG;NG;NG;NG;NG;5;NG;NG;NG;NG;NG
1000994;7;7;NG;NG;NG;NG;7;8;NG;NG;NG;6;8;NG;NG;NG;NG;NG;NG;NG;NG;NG;NG;NG;5;NG;NG;NG;NG;NG
1002697;7;7;7;7;6;5;6;7;7;7;8;6;7;7;7;7;8;7;6;NG;5;5;NG;6;6;6;NG;7;6;8
1001462;8;7;NG;NG;NG;NG;8;8;7;8;7;6;6;7;7;NG;8;NG;8;NG;NG;NG;NG;6;8;8;NG;NG;NG;7
1000818;7;7;NG;NG;NG;NG;6;6;NG;NG;NG;6;6;NG;NG;NG;NG;NG;NG;NG;NG;NG;NG;NG;6;NG;NG;NG;NG;NG
1000040;8;7;NG;NG;NG;NG;9;9;NG;NG;NG;6;7;NG;NG;NG;NG;NG;NG;NG;NG;NG;NG;NG;7;NG;NG;NG;NG;NG
1001948;7;8;NG;NG;NG;NG;9;8;8;7;8;9;9;8;9;NG;9;NG;9;NG;NG;NG;NG;8;8;8;NG;NG;NG;8
1000596;7;8;NG;NG;NG;NG;8;8;NG;NG;NG;7;9;NG;NG;NG;NG;NG;NG;NG;NG;NG;NG;NG;7;NG;NG;NG;NG;NG
1002569;9;8;8;8;8;8;10;9;9;8;10;9;10;9;8;10;10;10;9;NG;8;10;NG;7;9;9;NG;10;8;9
1000967;8;8;NG;NG;NG;NG;9;9;NG;NG;NG;7;8;NG;NG;NG;NG;NG;NG;NG;NG;NG;NG;NG;7;NG;NG;NG;NG;NG
1001067;6;5;NG;NG;NG;NG;7;6;NG;NG;NG;5;6;NG;NG;NG;NG;NG;NG;NG;NG;NG;NG;NG;5;NG;NG;NG;NG;NG
1001280;7;6;NG;NG;NG;NG;8;8;NG;NG;NG;6;6;NG;NG;NG;NG;NG;NG;NG;NG;NG;NG;NG;8;NG;NG;NG;NG;NG
1001160;8;7;NG;NG;NG;NG;8;7;NG;NG;NG;7;7;NG;NG;NG;NG;NG;NG;NG;NG;NG;NG;NG;8;NG;NG;NG;NG;NG
1000485;9;8;NG;NG;NG;NG;8;9;NG;NG;NG;7;8;NG;NG;NG;NG;NG;NG;NG;NG;NG;NG;NG;9;NG;NG;NG;NG;NG
1002148;7;6;NG;NG;NG;NG;7;7;6;7;6;6;6;6;6;NG;7;NG;7;NG;NG;NG;NG;6;6;6;NG;NG;NG;6
1000102;9;8;NG;NG;NG;NG;8;8;NG;NG;NG;7;7;NG;NG;NG;NG;NG;NG;NG;NG;NG;NG;NG;7;NG;NG;NG;NG;NG
1001501;8;8;NG;NG;NG;NG;8;8;8;7;7;7;8;7;7;NG;8;NG;8;NG;NG;NG;NG;7;7;6;NG;NG;NG;7
1000629;7;8;NG;NG;NG;NG;8;8;NG;NG;NG;8;10;NG;NG;NG;NG;NG;NG;NG;NG;NG;NG;NG;6;NG;NG;NG;NG;NG
1001027;6;6;NG;NG;NG;NG;9;8;NG;NG;NG;5;8;NG;NG;NG;NG;NG;NG;NG;NG;NG;NG;NG;7;NG;NG;NG;NG;NG
1001537;9;10;NG;NG;NG;NG;9;9;9;9;8;7;8;8;NG;NG;9;NG;9;NG;NG;NG;NG;8;9;9;NG;NG;NG;8
1002110;9;10;NG;NG;NG;NG;9;8;9;8;8;9;9;7;9;NG;9;NG;9;NG;NG;NG;NG;8;9;8;NG;NG;NG;8
1002007;7;7;NG;NG;NG;NG;7;7;7;7;6;6;5;6;8;NG;8;NG;6;NG;NG;NG;NG;6;7;6;NG;NG;NG;6
1002036;7;7;NG;NG;NG;NG;8;8;7;6;8;6;8;8;8;NG;7;NG;7;NG;NG;NG;NG;6;6;6;NG;NG;NG;6
1000555;8;8;NG;NG;NG;NG;9;7;NG;NG;NG;6;7;NG;NG;NG;NG;NG;NG;NG;NG;NG;NG;NG;7;NG;NG;NG;NG;NG
1000271;8;9;NG;NG;NG;NG;8;9;NG;NG;NG;9;9;NG;NG;NG;NG;NG;NG;NG;NG;NG;NG;NG;8;NG;NG;NG;NG;NG
1002001;8;7;NG;NG;NG;NG;8;6;7;7;5;6;6;5;7;NG;6;NG;6;NG;NG;NG;NG;6;8;6;NG;NG;NG;6
1002827;8;7;7;9;7;6;7;6;7;8;6;6;6;6;8;5;6;9;7;NG;6;6;NG;7;8;8;NG;6;6;6
1002730;7;7;6;NG;7;NG;7;7;7;8;5;5;6;6;6;NG;6;8;7;NG;NG;NG;NG;6;7;6;NG;NG;NG;6
1001098;10;9;NG;NG;NG;NG;9;10;NG;NG;NG;7;8;NG;NG;NG;NG;NG;NG;NG;NG;NG;NG;NG;10;NG;NG;NG;NG;NG
1001120;7;8;NG;NG;NG;NG;7;7;NG;NG;NG;7;7;NG;NG;NG;NG;NG;NG;NG;NG;NG;NG;NG;7;NG;NG;NG;NG;NG
1001657;6;7;NG;NG;NG;NG;7;8;6;7;7;6;6;7;8;NG;6;NG;6;NG;NG;NG;NG;6;7;6;NG;NG;NG;7
1000704;7;6;NG;NG;NG;NG;6;5;NG;NG;NG;6;5;NG;NG;NG;NG;NG;NG;NG;NG;NG;NG;NG;6;NG;NG;NG;NG;NG
1001644;7;6;NG;NG;NG;NG;8;8;6;8;7;7;7;8;7;NG;8;NG;7;NG;NG;NG;NG;7;6;7;NG;NG;NG;6
1002416;6;6;6;NG;5;NG;7;6;5;6;6;6;6;6;6;NG;6;6;6;NG;NG;NG;NG;6;5;6;NG;NG;NG;6
1000343;7;7;NG;NG;NG;NG;7;7;NG;NG;NG;7;7;NG;NG;NG;NG;NG;NG;NG;NG;NG;NG;NG;6;NG;NG;NG;NG;NG
1002328;7;7;8;7;8;NG;8;8;8;7;8;6;7;8;7;7;9;7;7;NG;6;6;NG;6;6;6;NG;7;8;7
1000571;5;6;NG;NG;NG;NG;6;6;NG;NG;NG;5;6;NG;NG;NG;NG;NG;NG;NG;NG;NG;NG;NG;4;NG;NG;NG;NG;NG
1001235;7;8;NG;NG;NG;NG;9;8;NG;NG;NG;8;8;NG;NG;NG;NG;NG;NG;NG;NG;NG;NG;NG;7;NG;NG;NG;NG;NG
1002815;6;7;7;7;6;6;6;7;8;6;7;7;6;6;7;6;8;8;6;NG;6;7;NG;6;6;6;NG;7;6;7
1002490;8;9;7;9;9;8;9;9;7;9;8;6;8;8;8;8;6;9;7;NG;7;9;NG;8;8;9;NG;10;9;7
1002857;8;8;8;8;9;8;9;8;8;9;7;8;7;8;8;7;9;10;9;NG;7;9;NG;9;8;8;NG;9;8;8
1000119;9;8;NG;NG;NG;NG;8;8;NG;NG;NG;7;6;NG;NG;NG;NG;NG;NG;NG;NG;NG;NG;NG;8;NG;NG;NG;NG;NG
1002354;8;8;7;7;8;7;7;8;8;7;7;8;8;7;9;8;10;9;7;NG;7;8;NG;8;8;7;NG;8;6;9
1000650;9;9;NG;NG;NG;NG;8;9;NG;NG;NG;7;7;NG;NG;NG;NG;NG;NG;NG;NG;NG;NG;NG;9;NG;NG;NG;NG;NG
1002669;8;9;7;9;9;10;8;9;8;9;7;6;6;7;9;6;8;9;9;NG;7;9;NG;7;9;7;NG;8;8;6
1002446;7;8;8;8;8;7;9;8;8;9;7;7;8;9;9;7;8;8;8;NG;8;7;NG;7;8;7;NG;8;7;8
1000740;7;6;NG;NG;NG;NG;6;7;NG;NG;NG;5;7;NG;NG;NG;NG;NG;NG;NG;NG;NG;NG;NG;4;NG;NG;NG;NG;NG
1001069;8;8;NG;NG;NG;NG;9;7;NG;NG;NG;8;8;NG;NG;NG;NG;NG;NG;NG;NG;NG;NG;NG;7;NG;NG;NG;NG;NG
1000719;8;8;NG;NG;NG;NG;9;7;NG;NG;NG;8;7;NG;NG;NG;NG;NG;NG;NG;NG;NG;NG;NG;8;NG;NG;NG;NG;NG
1001045;9;8;NG;NG;NG;NG;8;7;NG;NG;NG;6;6;NG;NG;NG;NG;NG;NG;NG;NG;NG;NG;NG;9;NG;NG;NG;NG;NG
1002719;9;8;8;9;9;10;9;8;8;9;8;8;8;8;9;7;9;10;9;NG;7;8;NG;8;9;8;NG;8;9;8
1002209;10;8;NG;NG;NG;NG;8;7;8;8;7;6;6;7;8;NG;7;NG;8;NG;NG;NG;NG;7;8;7;NG;NG;NG;6
1002862;6;6;6;NG;5;NG;6;6;6;6;6;6;5;6;7;NG;7;6;6;NG;NG;NG;NG;6;6;5;NG;NG;NG;6
1000546;5;6;NG;NG;NG;NG;7;7;NG;NG;NG;6;6;NG;NG;NG;NG;NG;NG;NG;NG;NG;NG;NG;5;NG;NG;NG;NG;NG
1002808;7;7;7;7;7;6;7;6;6;7;6;6;6;6;7;6;7;7;7;NG;7;6;NG;6;8;6;NG;6;6;7
1001008;8;8;NG;NG;NG;NG;8;8;NG;NG;NG;8;8;NG;NG;NG;NG;NG;NG;NG;NG;NG;NG;NG;6;NG;NG;NG;NG;NG
1000835;9;9;NG;NG;NG;NG;10;9;NG;NG;NG;8;9;NG;NG;NG;NG;NG;NG;NG;NG;NG;NG;NG;9;NG;NG;NG;NG;NG
1002539;7;8;7;7;8;7;7;8;8;6;7;8;6;7;7;5;8;8;7;NG;6;7;NG;7;8;6;NG;6;6;6
1002138;7;7;NG;NG;NG;NG;7;7;6;7;6;6;7;6;7;NG;7;NG;7;NG;NG;NG;NG;7;8;6;NG;NG;NG;7
1001836;7;7;NG;NG;NG;NG;8;9;7;6;8;7;9;9;8;NG;8;NG;7;NG;NG;NG;NG;7;6;8;NG;NG;NG;7
1001203;9;9;NG;NG;NG;NG;8;8;NG;NG;NG;8;8;NG;NG;NG;NG;NG;NG;NG;NG;NG;NG;NG;8;NG;NG;NG;NG;NG
1000697;7;7;NG;NG;NG;NG;9;8;NG;NG;NG;5;7;NG;NG;NG;NG;NG;NG;NG;NG;NG;NG;NG;6;NG;NG;NG;NG;NG
1001564;8;7;NG;NG;NG;NG;9;8;6;7;7;6;7;7;6;NG;7;NG;7;NG;NG;NG;NG;7;7;7;NG;NG;NG;6
1000282;6;7;NG;NG;NG;NG;7;8;NG;NG;NG;6;7;NG;NG;NG;NG;NG;NG;NG;NG;NG;NG;NG;6;NG;NG;NG;NG;NG
1002368;7;7;6;8;8;8;9;8;7;8;6;6;7;7;7;8;6;9;7;NG;6;8;NG;7;7;8;NG;8;8;6
1002374;7;6;6;6;6;6;7;6;6;6;7;6;6;7;7;5;7;7;6;NG;6;6;NG;6;6;6;NG;6;5;6
1001429;8;8;NG;NG;NG;NG;9;9;7;9;7;6;8;7;8;NG;7;NG;7;NG;NG;NG;NG;7;8;7;NG;NG;NG;7
1000933;8;7;NG;NG;NG;NG;7;7;NG;NG;NG;7;6;NG;NG;NG;NG;NG;NG;NG;NG;NG;NG;NG;7;NG;NG;NG;NG;NG
1000346;7;5;NG;NG;NG;NG;6;6;NG;NG;NG;4;5;NG;NG;NG;NG;NG;NG;NG;NG;NG;NG;NG;6;NG;NG;NG;NG;NG
1001872;7;9;NG;NG;NG;NG;8;9;7;8;7;8;7;7;8;NG;9;NG;8;NG;NG;NG;NG;7;8;7;NG;NG;NG;7
1002462;9;8;7;9;9;NG;9;9;8;9;6;7;8;8;9;8;8;10;8;NG;7;7;NG;8;9;8;NG;8;9;7
1001213;7;7;NG;NG;NG;NG;6;6;NG;NG;NG;8;NG;NG;NG;NG;NG;NG;NG;NG;NG;NG;NG;NG;6;NG;NG;NG;NG;NG
1002729;7;7;6;8;7;6;8;7;6;7;6;6;6;7;7;6;6;7;7;NG;7;6;NG;6;7;6;NG;7;8;6
1001759;8;9;NG;NG;NG;NG;7;7;7;9;6;6;6;8;7;NG;8;NG;8;NG;NG;NG;NG;7;9;8;NG;NG;NG;6
1001152;8;8;NG;NG;NG;NG;7;7;NG;NG;NG;6;7;NG;NG;NG;NG;NG;NG;NG;NG;NG;NG;NG;7;NG;NG;NG;NG;NG
1002169;7;6;NG;NG;NG;NG;7;7;7;7;6;6;6;6;7;NG;9;NG;7;NG;NG;NG;NG;7;7;6;NG;NG;NG;7
1001082;7;8;NG;NG;NG;NG;6;7;NG;NG;NG;8;6;NG;NG;NG;NG;NG;NG;NG;NG;NG;NG;NG;7;NG;NG;NG;NG;NG
1000409;7;7;NG;NG;NG;NG;8;7;NG;NG;NG;7;8;NG;NG;NG;NG;NG;NG;NG;NG;NG;NG;NG;5;NG;NG;NG;NG;NG
1000058;7;6;NG;NG;NG;NG;7;7;NG;NG;NG;5;6;NG;NG;NG;NG;NG;NG;NG;NG;NG;NG;NG;6;NG;NG;NG;NG;NG
1000395;7;7;NG;NG;NG;NG;NG;5;NG;NG;NG;6;5;NG;NG;NG;NG;NG;NG;NG;NG;NG;NG;NG;7;NG;NG;NG;NG;NG
1001819;7;7;NG;NG;NG;NG;8;8;8;7;8;8;9;NG;8;NG;8;NG;7;NG;NG;NG;NG;6;6;6;NG;NG;NG;8
1000585;8;8;NG;NG;NG;NG;8;7;NG;NG;NG;6;6;NG;NG;NG;NG;NG;NG;NG;NG;NG;NG;NG;8;NG;NG;NG;NG;NG
1001075;7;7;NG;NG;NG;NG;8;7;NG;NG;NG;7;7;NG;NG;NG;NG;NG;NG;NG;NG;NG;NG;NG;7;NG;NG;NG;NG;NG
1000080;7;7;NG;NG;NG;NG;6;6;NG;NG;NG;6;6;NG;NG;NG;NG;NG;NG;NG;NG;NG;NG;NG;6;NG;NG;NG;NG;NG
1001055;7;6;NG;NG;NG;NG;7;7;NG;NG;NG;5;5;NG;NG;NG;NG;NG;NG;NG;NG;NG;NG;NG;6;NG;NG;NG;NG;NG
1002668;8;8;7;7;8;7;8;8;8;8;7;8;8;8;8;8;7;8;8;NG;7;7;NG;7;7;6;NG;8;8;8
1001598;7;7;NG;NG;NG;NG;8;7;7;7;8;6;8;7;7;NG;9;NG;7;NG;NG;NG;NG;6;6;6;NG;NG;NG;8
1002421;6;8;8;8;7;8;8;8;8;7;8;8;9;8;8;9;8;8;7;NG;7;6;NG;7;6;6;NG;9;7;8
1001271;8;8;NG;NG;NG;NG;7;7;NG;NG;NG;6;5;NG;NG;NG;NG;NG;NG;NG;NG;NG;NG;NG;7;NG;NG;NG;NG;NG
1002128;9;8;NG;NG;NG;NG;8;8;8;8;7;7;7;5;8;NG;9;NG;8;NG;NG;NG;NG;8;8;8;NG;NG;NG;7
1000660;6;6;NG;NG;NG;NG;9;8;NG;NG;NG;7;9;NG;NG;NG;NG;NG;NG;NG;NG;NG;NG;NG;5;NG;NG;NG;NG;NG
1001689;6;7;NG;NG;NG;NG;7;7;7;6;6;6;7;6;7;NG;8;NG;6;NG;NG;NG;NG;6;6;5;NG;NG;NG;7
1001469;8;8;NG;NG;NG;NG;9;8;8;8;8;6;9;8;8;NG;8;NG;9;NG;NG;NG;NG;8;8;9;NG;NG;NG;6
1001084;8;8;NG;NG;NG;NG;9;9;NG;NG;NG;9;8;NG;NG;NG;NG;NG;NG;NG;NG;NG;NG;NG;6;NG;NG;NG;NG;NG
1001503;7;8;NG;NG;NG;NG;8;8;7;7;8;7;7;8;7;NG;8;NG;NG;NG;NG;NG;NG;7;6;6;NG;NG;NG;7
1001301;7;7;NG;NG;NG;NG;7;6;NG;NG;NG;5;6;NG;NG;NG;NG;NG;NG;NG;NG;NG;NG;NG;6;NG;NG;NG;NG;NG
1002178;8;6;NG;NG;NG;NG;8;6;6;8;6;6;6;5;7;NG;7;NG;7;NG;NG;NG;NG;6;6;5;NG;NG;NG;6
1000323;9;9;NG;NG;NG;NG;8;9;NG;NG;NG;8;9;NG;NG;NG;NG;NG;NG;NG;NG;NG;NG;NG;9;NG;NG;NG;NG;NG
1000166;7;8;NG;NG;NG;NG;7;7;NG;NG;NG;8;7;NG;NG;NG;NG;NG;NG;NG;NG;NG;NG;NG;6;NG;NG;NG;NG;NG
1000207;7;7;NG;NG;NG;NG;8;9;NG;NG;NG;7;8;NG;NG;NG;NG;NG;NG;NG;NG;NG;NG;NG;7;NG;NG;NG;NG;NG
1000620;9;8;NG;NG;NG;NG;10;9;NG;NG;NG;7;9;NG;NG;NG;NG;NG;NG;NG;NG;NG;NG;NG;9;NG;NG;NG;NG;NG
1002838;7;8;7;6;8;7;7;6;7;7;8;7;6;6;7;7;9;8;6;NG;6;6;NG;6;7;7;NG;6;5;6
1002309;9;7;6;NG;7;NG;9;8;6;7;6;6;5;6;8;NG;6;9;7;NG;NG;NG;NG;6;7;7;NG;NG;NG;6
1000523;7;7;NG;NG;NG;NG;8;8;NG;NG;NG;6;7;NG;NG;NG;NG;NG;NG;NG;NG;NG;NG;NG;7;NG;NG;NG;NG;NG
1001719;7;8;NG;NG;NG;NG;8;8;7;7;7;7;6;6;7;NG;7;NG;8;NG;NG;NG;NG;7;8;8;NG;NG;NG;6
1002700;7;7;6;6;8;7;7;7;8;7;8;7;7;7;8;7;9;7;7;NG;6;6;NG;7;7;6;NG;7;6;8
1002532;7;7;7;7;7;8;7;7;8;6;7;7;6;6;7;6;9;8;6;NG;5;7;NG;7;7;6;NG;7;5;6
1002091;7;8;NG;NG;NG;NG;9;9;8;7;8;8;9;9;8;NG;10;NG;8;NG;NG;NG;NG;7;6;6;NG;NG;NG;9
1000533;7;7;NG;NG;NG;NG;7;8;NG;NG;NG;6;8;NG;NG;NG;NG;NG;NG;NG;NG;NG;NG;NG;7;NG;NG;NG;NG;NG
1001133;8;9;NG;NG;NG;NG;9;7;NG;NG;NG;7;8;NG;NG;NG;NG;NG;NG;NG;NG;NG;NG;NG;7;NG;NG;NG;NG;NG
1002420;8;9;8;8;8;8;9;8;7;8;8;7;7;7;9;6;8;10;9;NG;6;9;NG;8;7;8;NG;8;8;8
1001613;7;9;NG;NG;NG;NG;10;9;8;8;9;8;10;9;9;NG;9;NG;9;NG;NG;NG;NG;9;8;8;NG;NG;NG;7
1000825;9;8;NG;NG;NG;NG;9;8;NG;NG;NG;8;8;NG;NG;NG;NG;NG;NG;NG;NG;NG;NG;NG;8;NG;NG;NG;NG;NG
1000173;7;7;NG;NG;NG;NG;8;8;NG;NG;NG;6;NG;NG;NG;NG;NG;NG;NG;NG;NG;NG;NG;NG;6;NG;NG;NG;NG;NG
1000255;7;7;NG;NG;NG;NG;8;7;NG;NG;NG;5;5;NG;NG;NG;NG;NG;NG;NG;NG;NG;NG;NG;6;NG;NG;NG;NG;NG
1000086;6;6;NG;NG;NG;NG;6;8;NG;NG;NG;7;7;NG;NG;NG;NG;NG;NG;NG;NG;NG;NG;NG;5;NG;NG;NG;NG;NG
1002618;9;10;9;9;10;9;8;8;10;9;8;8;8;7;10;8;10;10;10;NG;7;9;NG;8;9;9;NG;8;8;9
1001510;8;8;NG;NG;NG;NG;7;7;7;8;6;6;6;6;7;NG;7;NG;8;NG;NG;NG;NG;7;7;6;NG;NG;NG;6
1001029;6;6;NG;NG;NG;NG;5;7;NG;NG;NG;6;7;NG;NG;NG;NG;NG;NG;NG;NG;NG;NG;NG;5;NG;NG;NG;NG;NG
1001520;7;6;NG;NG;NG;NG;6;8;7;7;6;7;8;7;7;NG;8;NG;7;NG;NG;NG;NG;7;6;6;NG;NG;NG;7
1001972;7;8;NG;NG;NG;NG;6;7;7;7;6;7;6;NG;8;NG;8;NG;7;NG;NG;NG;NG;7;8;6;NG;NG;NG;6
1000603;6;7;NG;NG;NG;NG;8;7;NG;NG;NG;7;8;NG;NG;NG;NG;NG;NG;NG;NG;NG;NG;NG;6;NG;NG;NG;NG;NG
1002028;7;7;NG;NG;NG;NG;9;8;7;7;7;6;8;8;7;NG;8;NG;7;NG;NG;NG;NG;6;7;6;NG;NG;NG;6
1001079;7;6;NG;NG;NG;NG;7;6;NG;NG;NG;5;5;NG;NG;NG;NG;NG;NG;NG;NG;NG;NG;NG;5;NG;NG;NG;NG;NG
1000411;8;8;NG;NG;NG;NG;9;8;NG;NG;NG;8;8;NG;NG;NG;NG;NG;NG;NG;NG;NG;NG;NG;8;NG;NG;NG;NG;NG
1000975;6;7;NG;NG;NG;NG;8;7;NG;NG;NG;6;7;NG;NG;NG;NG;NG;NG;NG;NG;NG;NG;NG;7;NG;NG;NG;NG;NG
1001695;6;6;NG;NG;NG;NG;6;8;6;7;5;7;7;6;6;NG;6;NG;5;NG;NG;NG;NG;7;6;5;NG;NG;NG;6
1000883;7;6;NG;NG;NG;NG;7;6;NG;NG;NG;6;6;NG;NG;NG;NG;NG;NG;NG;NG;NG;NG;NG;6;NG;NG;NG;NG;NG
1000775;9;9;NG;NG;NG;NG;9;8;NG;NG;NG;7;7;NG;NG;NG;NG;NG;NG;NG;NG;NG;NG;NG;10;NG;NG;NG;NG;NG
1000064;6;6;NG;NG;NG;NG;6;6;NG;NG;NG;6;6;NG;NG;NG;NG;NG;NG;NG;NG;NG;NG;NG;5;NG;NG;NG;NG;NG
1002609;7;7;6;NG;6;NG;6;6;7;6;7;6;6;6;7;NG;8;7;6;NG;NG;NG;NG;6;6;5;NG;NG;NG;7
1002224;6;6;NG;NG;NG;NG;7;6;5;6;5;6;6;6;6;NG;6;NG;6;NG;NG;NG;NG;5;5;5;NG;NG;NG;6
1000869;7;7;NG;NG;NG;NG;6;7;NG;NG;NG;7;7;NG;NG;NG;NG;NG;NG;NG;NG;NG;NG;NG;6;NG;NG;NG;NG;NG
1001412;9;7;NG;NG;NG;NG;8;7;7;8;5;7;6;5;7;NG;9;NG;7;NG;NG;NG;NG;7;7;7;NG;NG;NG;6
1001316;8;8;NG;NG;NG;NG;8;8;NG;NG;NG;7;7;NG;NG;NG;NG;NG;NG;NG;NG;NG;NG;NG;9;NG;NG;NG;NG;NG
1000630;7;7;NG;NG;NG;NG;9;8;NG;NG;NG;8;7;NG;NG;NG;NG;NG;NG;NG;NG;NG;NG;NG;6;NG;NG;NG;NG;NG
1001772;6;6;NG;NG;NG;NG;6;6;6;5;5;4;6;5;NG;NG;6;NG;6;NG;NG;NG;NG;5;5;5;NG;NG;NG;5
1001292;6;6;NG;NG;NG;NG;8;8;NG;NG;NG;6;7;NG;NG;NG;NG;NG;NG;NG;NG;NG;NG;NG;5;NG;NG;NG;NG;NG
1001348;8;8;NG;NG;NG;NG;9;9;NG;NG;NG;7;8;NG;NG;NG;NG;NG;NG;NG;NG;NG;NG;NG;7;NG;NG;NG;NG;NG
1001558;8;7;NG;NG;NG;NG;8;8;7;7;8;7;7;8;8;NG;8;NG;7;NG;NG;NG;NG;6;6;7;NG;NG;NG;8
1001807;7;8;NG;NG;NG;NG;7;8;8;7;8;7;7;NG;9;NG;9;NG;7;NG;NG;NG;NG;7;7;6;NG;NG;NG;7
1001505;7;7;NG;NG;NG;NG;6;7;6;6;7;5;6;7;6;NG;6;NG;5;NG;NG;NG;NG;6;5;6;NG;NG;NG;6
1002350;9;8;8;NG;8;9;9;9;8;9;7;7;8;8;8;8;8;10;9;NG;7;9;NG;7;8;8;NG;9;9;7
1001189;7;9;NG;NG;NG;NG;9;10;NG;NG;NG;9;8;NG;NG;NG;NG;NG;NG;NG;NG;NG;NG;NG;8;NG;NG;NG;NG;NG
1002428;8;6;6;NG;7;NG;7;8;7;7;6;5;6;7;8;NG;6;7;7;NG;NG;NG;NG;6;7;7;NG;NG;NG;6
1002383;6;6;6;NG;NG;NG;6;6;6;6;6;5;6;6;NG;NG;5;6;6;NG;NG;NG;NG;5;6;6;NG;NG;NG;4
1001660;7;6;NG;NG;NG;NG;9;8;7;7;6;6;7;8;7;NG;6;NG;7;NG;NG;NG;NG;6;8;6;NG;NG;NG;6
1001261;8;8;NG;NG;NG;NG;9;9;NG;NG;NG;7;8;NG;NG;NG;NG;NG;NG;NG;NG;NG;NG;NG;8;NG;NG;NG;NG;NG
1002055;7;7;NG;NG;NG;NG;7;7;6;7;6;4;6;6;NG;NG;6;NG;5;NG;NG;NG;NG;6;7;7;NG;NG;NG;5
1002121;8;8;NG;NG;NG;NG;7;8;8;7;7;8;8;7;7;NG;9;NG;7;NG;NG;NG;NG;7;7;6;NG;NG;NG;6
1000758;8;8;NG;NG;NG;NG;9;9;NG;NG;NG;7;8;NG;NG;NG;NG;NG;NG;NG;NG;NG;NG;NG;8;NG;NG;NG;NG;NG
1000352;7;8;NG;NG;NG;NG;7;7;NG;NG;NG;8;8;NG;NG;NG;NG;NG;NG;NG;NG;NG;NG;NG;6;NG;NG;NG;NG;NG
1002427;10;9;8;8;9;8;8;9;9;8;9;8;9;7;9;8;10;9;8;NG;7;8;NG;8;8;6;NG;8;7;9
1000931;8;8;NG;NG;NG;NG;8;8;NG;NG;NG;9;9;NG;NG;NG;NG;NG;NG;NG;NG;NG;NG;NG;7;NG;NG;NG;NG;NG
1001573;7;6;NG;NG;NG;NG;6;6;7;6;6;7;6;6;6;NG;9;NG;6;NG;NG;NG;NG;6;6;6;NG;NG;NG;7
1002701;8;7;7;7;7;6;8;8;7;7;7;6;7;7;8;8;7;8;7;NG;6;6;NG;6;7;6;NG;8;8;7
1000354;7;7;NG;NG;NG;NG;7;7;NG;NG;NG;7;7;NG;NG;NG;NG;NG;NG;NG;NG;NG;NG;NG;6;NG;NG;NG;NG;NG
1002157;7;9;NG;NG;NG;NG;8;9;8;8;8;8;8;7;8;NG;9;NG;8;NG;NG;NG;NG;7;7;7;NG;NG;NG;7
1001826;8;6;NG;NG;NG;NG;7;6;7;7;5;5;6;6;NG;NG;7;NG;7;NG;NG;NG;NG;6;7;6;NG;NG;NG;5
1002032;8;9;NG;NG;NG;NG;7;7;8;8;8;7;8;7;8;NG;9;NG;8;NG;NG;NG;NG;9;8;7;NG;NG;NG;8
1001572;7;7;NG;NG;NG;NG;8;7;6;7;7;6;8;7;6;NG;7;NG;7;NG;NG;NG;NG;6;7;7;NG;NG;NG;6
1000427;6;6;NG;NG;NG;NG;6;6;NG;NG;NG;6;7;NG;NG;NG;NG;NG;NG;NG;NG;NG;NG;NG;5;NG;NG;NG;NG;NG
1002826;7;7;7;7;6;7;7;7;7;6;6;7;8;7;8;6;8;8;7;NG;6;6;NG;7;7;6;NG;7;6;6
1000609;7;8;NG;NG;NG;NG;7;8;NG;NG;NG;6;7;NG;NG;NG;NG;NG;NG;NG;NG;NG;NG;NG;8;NG;NG;NG;NG;NG
1000335;7;6;NG;NG;NG;NG;7;8;NG;NG;NG;6;7;NG;NG;NG;NG;NG;NG;NG;NG;NG;NG;NG;6;NG;NG;NG;NG;NG
1002210;9;8;NG;NG;NG;NG;9;9;7;8;7;8;7;8;8;NG;8;NG;8;NG;NG;NG;NG;7;7;7;NG;NG;NG;8
1002520;10;9;9;9;9;8;8;8;7;9;6;7;6;8;8;7;7;10;7;NG;7;9;NG;8;8;7;NG;7;7;6
1000069;6;7;NG;NG;NG;NG;7;7;NG;NG;NG;6;8;NG;NG;NG;NG;NG;NG;NG;NG;NG;NG;NG;5;NG;NG;NG;NG;NG
1002543;9;8;8;8;9;9;8;9;8;8;8;7;8;9;9;9;8;10;9;NG;6;8;NG;9;9;8;NG;9;7;7
1001240;7;8;NG;NG;NG;NG;7;8;NG;NG;NG;7;7;NG;NG;NG;NG;NG;NG;NG;NG;NG;NG;NG;7;NG;NG;NG;NG;NG
1001983;8;9;NG;NG;NG;NG;8;9;9;8;7;8;7;7;9;NG;10;NG;6;NG;NG;NG;NG;9;7;7;NG;NG;NG;8
1002010;6;6;NG;NG;NG;NG;7;8;7;6;9;8;8;6;8;NG;9;NG;6;NG;NG;NG;NG;6;6;6;NG;NG;NG;8
1002280;6;7;7;7;6;6;7;7;6;6;6;6;7;7;6;7;6;6;6;NG;5;6;NG;6;6;6;NG;7;6;6
1001855;7;8;NG;NG;NG;NG;9;7;7;6;6;7;7;7;7;NG;7;NG;6;NG;NG;NG;NG;7;7;7;NG;NG;NG;6
1002144;7;7;NG;NG;NG;NG;8;7;5;7;6;5;6;6;6;NG;6;NG;6;NG;NG;NG;NG;6;6;6;NG;NG;NG;6
1002671;8;8;7;8;7;8;8;9;7;8;8;6;8;8;7;9;7;9;8;NG;7;6;NG;8;7;7;NG;9;8;7
1001879;8;9;NG;NG;NG;NG;9;9;8;8;8;8;9;9;9;NG;8;NG;7;NG;NG;NG;NG;8;8;7;NG;NG;NG;8
1001387;10;9;NG;NG;NG;NG;9;9;8;9;7;7;7;7;9;NG;9;NG;8;NG;NG;NG;NG;8;9;8;NG;NG;NG;7
1000281;8;9;NG;NG;NG;NG;8;9;NG;NG;NG;8;9;NG;NG;NG;NG;NG;NG;NG;NG;NG;NG;NG;8;NG;NG;NG;NG;NG
1001758;8;7;NG;NG;NG;NG;8;7;7;7;6;7;6;6;7;NG;7;NG;7;NG;NG;NG;NG;6;7;6;NG;NG;NG;6
1002655;8;7;8;8;7;6;7;7;7;7;8;6;7;8;9;8;8;7;8;NG;7;6;NG;6;6;6;NG;7;8;7
1001890;8;9;NG;NG;NG;NG;8;9;8;9;9;7;9;8;9;NG;8;NG;8;NG;NG;NG;NG;7;7;7;NG;NG;NG;8
1002551;8;8;8;9;9;9;10;9;8;9;6;6;8;8;8;8;8;10;8;NG;7;9;NG;8;9;8;NG;8;9;7
1001768;7;6;NG;NG;NG;NG;7;6;7;7;5;6;6;6;7;NG;8;NG;7;NG;NG;NG;NG;7;8;5;NG;NG;NG;7
1000479;8;7;NG;NG;NG;NG;7;7;NG;NG;NG;5;5;NG;NG;NG;NG;NG;NG;NG;NG;NG;NG;NG;8;NG;NG;NG;NG;NG
1000362;6;6;NG;NG;NG;NG;7;7;NG;NG;NG;8;6;NG;NG;NG;NG;NG;NG;NG;NG;NG;NG;NG;7;NG;NG;NG;NG;NG
1001123;7;7;NG;NG;NG;NG;8;8;NG;NG;NG;6;8;NG;NG;NG;NG;NG;NG;NG;NG;NG;NG;NG;6;NG;NG;NG;NG;NG
1001129;9;8;NG;NG;NG;NG;9;9;NG;NG;NG;8;7;NG;NG;NG;NG;NG;NG;NG;NG;NG;NG;NG;9;NG;NG;NG;NG;NG
1001770;8;8;NG;NG;NG;NG;8;8;7;7;7;8;7;7;8;NG;9;NG;8;NG;NG;NG;NG;7;7;6;NG;NG;NG;7
1002070;7;8;NG;NG;NG;NG;8;8;9;8;8;8;8;8;8;NG;9;NG;7;NG;NG;NG;NG;7;7;7;NG;NG;NG;8
1001446;7;7;NG;NG;NG;NG;6;7;6;6;6;7;6;7;7;NG;8;NG;6;NG;NG;NG;NG;7;6;4;NG;NG;NG;7
1000887;9;9;NG;NG;NG;NG;9;8;NG;NG;NG;8;7;NG;NG;NG;NG;NG;NG;NG;NG;NG;NG;NG;9;NG;NG;NG;NG;NG
1002240;7;8;NG;NG;NG;NG;8;8;8;7;8;9;8;8;9;NG;9;NG;8;NG;NG;NG;NG;8;7;7;NG;NG;NG;8
1000236;6;6;NG;NG;NG;NG;7;7;NG;NG;NG;5;6;NG;NG;NG;NG;NG;NG;NG;NG;NG;NG;NG;7;NG;NG;NG;NG;NG
1001801;9;10;NG;NG;NG;NG;9;9;8;8;8;8;7;7;9;NG;9;NG;8;NG;NG;NG;NG;9;8;7;NG;NG;NG;8
1001136;7;6;NG;NG;NG;NG;6;7;NG;NG;NG;5;4;NG;NG;NG;NG;NG;NG;NG;NG;NG;NG;NG;7;NG;NG;NG;NG;NG
1001811;9;7;NG;NG;NG;NG;8;8;9;8;7;7;7;7;7;NG;8;NG;8;NG;NG;NG;NG;8;8;8;NG;NG;NG;8
1000529;6;7;NG;NG;NG;NG;7;8;NG;NG;NG;7;8;NG;NG;NG;NG;NG;NG;NG;NG;NG;NG;NG;7;NG;NG;NG;NG;NG
1000128;7;7;NG;NG;NG;NG;6;7;NG;NG;NG;6;6;NG;NG;NG;NG;NG;NG;NG;NG;NG;NG;NG;6;NG;NG;NG;NG;NG
1001246;6;6;NG;NG;NG;NG;7;7;NG;NG;NG;4;5;NG;NG;NG;NG;NG;NG;NG;NG;NG;NG;NG;6;NG;NG;NG;NG;NG
1002576;8;9;8;8;9;7;8;8;10;7;8;8;9;9;9;7;10;8;9;NG;7;8;NG;9;7;7;NG;9;7;9
1002290;6;6;7;NG;6;NG;7;7;6;6;6;6;8;7;7;NG;7;6;6;NG;NG;NG;NG;6;5;6;NG;NG;NG;6
1001299;8;8;NG;NG;NG;NG;9;9;NG;NG;NG;8;9;NG;NG;NG;NG;NG;NG;NG;NG;NG;NG;NG;7;NG;NG;NG;NG;NG
1001674;9;9;NG;NG;NG;NG;9;9;8;10;8;7;7;7;10;NG;8;NG;9;NG;NG;NG;NG;7;9;8;NG;NG;NG;7
1000150;7;7;NG;NG;NG;NG;7;7;NG;NG;NG;9;6;NG;NG;NG;NG;NG;NG;NG;NG;NG;NG;NG;6;NG;NG;NG;NG;NG
1002559;8;8;7;8;9;8;9;8;7;8;9;7;8;8;8;8;8;9;7;NG;7;8;NG;7;8;8;NG;8;8;7
1002592;9;8;9;9;9;10;10;9;8;9;9;8;8;8;9;7;9;10;9;NG;8;10;NG;8;10;8;NG;9;8;9
1002584;8;8;8;9;8;7;9;7;7;9;7;6;7;7;9;7;8;9;10;NG;7;8;NG;8;8;8;NG;8;8;8
1001032;5;6;NG;NG;NG;NG;6;6;NG;NG;NG;6;6;NG;NG;NG;NG;NG;NG;NG;NG;NG;NG;NG;6;NG;NG;NG;NG;NG
1001856;8;6;NG;NG;NG;NG;7;8;7;6;7;7;8;8;8;NG;9;NG;7;NG;NG;NG;NG;7;6;7;NG;NG;NG;6
1000095;9;7;NG;NG;NG;NG;8;9;NG;NG;NG;5;7;NG;NG;NG;NG;NG;NG;NG;NG;NG;NG;NG;8;NG;NG;NG;NG;NG
1001581;8;8;NG;NG;NG;NG;8;7;8;9;6;7;7;8;9;NG;7;NG;8;NG;NG;NG;NG;8;9;8;NG;NG;NG;7
1000674;7;7;NG;NG;NG;NG;8;8;NG;NG;NG;7;7;NG;NG;NG;NG;NG;NG;NG;NG;NG;NG;NG;7;NG;NG;NG;NG;NG
1000726;6;6;NG;NG;NG;NG;8;7;NG;NG;NG;7;9;NG;NG;NG;NG;NG;NG;NG;NG;NG;NG;NG;5;NG;NG;NG;NG;NG
1002673;6;6;7;NG;5;NG;6;6;6;6;6;6;6;6;7;NG;7;6;6;NG;NG;NG;NG;6;6;4;NG;NG;NG;6
1001882;8;7;NG;NG;NG;NG;8;8;7;7;8;7;9;8;8;NG;9;NG;7;NG;NG;NG;NG;7;7;6;NG;NG;NG;8
1002161;6;6;NG;NG;NG;NG;7;8;5;6;7;6;7;7;7;NG;7;NG;6;NG;NG;NG;NG;6;6;6;NG;NG;NG;6
1002754;9;8;8;8;9;9;9;9;7;9;7;8;8;8;8;7;7;10;9;NG;8;9;NG;8;10;9;NG;9;8;7
1002650;7;8;7;8;8;7;8;8;6;7;8;7;7;8;8;9;7;8;8;NG;6;7;NG;7;7;7;NG;8;9;6
1000109;8;7;NG;NG;NG;NG;7;7;NG;NG;NG;7;6;NG;NG;NG;NG;NG;NG;NG;NG;NG;NG;NG;8;NG;NG;NG;NG;NG
1002103;7;8;NG;NG;NG;NG;8;9;8;8;8;9;8;7;8;NG;7;NG;8;NG;NG;NG;NG;7;7;8;NG;NG;NG;8
1002174;7;7;NG;NG;NG;NG;7;8;8;7;7;7;8;8;9;NG;8;NG;7;NG;NG;NG;NG;7;6;6;NG;NG;NG;8
1000401;9;8;NG;NG;NG;NG;9;8;NG;NG;NG;8;8;NG;NG;NG;NG;NG;NG;NG;NG;NG;NG;NG;8;NG;NG;NG;NG;NG
1002076;7;9;NG;NG;NG;NG;8;8;8;7;8;8;8;7;9;NG;9;NG;7;NG;NG;NG;NG;7;7;7;NG;NG;NG;9
1001477;8;7;NG;NG;NG;NG;9;8;7;8;6;6;7;7;8;NG;6;NG;7;NG;NG;NG;NG;7;6;7;NG;NG;NG;7
1000913;9;8;NG;NG;NG;NG;10;9;NG;NG;NG;8;8;NG;NG;NG;NG;NG;NG;NG;NG;NG;NG;NG;8;NG;NG;NG;NG;NG
1000045;8;8;NG;NG;NG;NG;10;7;NG;NG;NG;7;8;NG;NG;NG;NG;NG;NG;NG;NG;NG;NG;NG;8;NG;NG;NG;NG;NG
1001143;6;6;NG;NG;NG;NG;7;6;NG;NG;NG;6;7;NG;NG;NG;NG;NG;NG;NG;NG;NG;NG;NG;5;NG;NG;NG;NG;NG
1000500;8;8;NG;NG;NG;NG;8;8;NG;NG;NG;7;7;NG;NG;NG;NG;NG;NG;NG;NG;NG;NG;NG;8;NG;NG;NG;NG;NG
1001868;8;8;NG;NG;NG;NG;8;8;7;8;8;8;8;7;8;NG;9;NG;7;NG;NG;NG;NG;7;7;6;NG;NG;NG;8
1000858;7;6;NG;NG;NG;NG;8;7;NG;NG;NG;6;NG;NG;NG;NG;NG;NG;NG;NG;NG;NG;NG;NG;6;NG;NG;NG;NG;NG
1002336;8;8;8;7;8;7;8;8;8;8;8;8;9;7;8;7;9;8;7;NG;6;7;NG;8;7;6;NG;8;6;8
1000919;8;9;NG;NG;NG;NG;8;8;NG;NG;NG;9;9;NG;NG;NG;NG;NG;NG;NG;NG;NG;NG;NG;7;NG;NG;NG;NG;NG
1002523;7;7;7;7;7;6;9;8;8;8;8;6;7;8;8;8;7;8;7;NG;7;7;NG;6;7;6;NG;8;8;6
1001721;6;8;NG;NG;NG;NG;9;9;7;7;8;7;9;8;8;NG;9;NG;7;NG;NG;NG;NG;7;7;7;NG;NG;NG;8
1001843;6;7;NG;NG;NG;NG;6;6;7;6;6;6;6;6;6;NG;8;NG;6;NG;NG;NG;NG;6;6;5;NG;NG;NG;6
1002257;9;9;8;9;10;9;9;9;9;9;8;9;9;8;9;8;10;10;9;NG;8;9;NG;9;9;9;NG;9;9;8
1002743;8;8;8;8;8;8;9;8;8;8;7;7;8;8;8;6;8;10;8;NG;7;8;NG;7;8;7;NG;9;9;6
1001625;6;6;NG;NG;NG;NG;7;6;5;6;6;6;6;6;7;NG;6;NG;6;NG;NG;NG;NG;6;6;6;NG;NG;NG;6
1000331;8;7;NG;NG;NG;NG;7;8;NG;NG;NG;5;6;NG;NG;NG;NG;NG;NG;NG;NG;NG;NG;NG;7;NG;NG;NG;NG;NG
1000375;6;6;NG;NG;NG;NG;8;NG;NG;NG;NG;5;6;NG;NG;NG;NG;NG;NG;NG;NG;NG;NG;NG;6;NG;NG;NG;NG;NG
1002506;7;7;7;7;7;6;6;6;7;6;6;6;6;6;7;6;6;7;6;NG;6;6;NG;7;7;6;NG;7;5;6
1000889;6;8;NG;NG;NG;NG;9;8;NG;NG;NG;8;8;NG;NG;NG;NG;NG;NG;NG;NG;NG;NG;NG;7;NG;NG;NG;NG;NG
1001586;8;8;NG;NG;NG;NG;7;7;7;7;7;8;6;6;9;NG;9;NG;7;NG;NG;NG;NG;7;7;6;NG;NG;NG;8
1002581;9;9;8;9;9;8;9;8;9;9;7;8;7;8;9;7;9;10;8;NG;7;9;NG;8;9;7;NG;8;8;8
1002244;10;9;NG;NG;NG;NG;8;8;8;9;7;8;7;8;9;NG;9;NG;8;NG;NG;NG;NG;8;9;8;NG;NG;NG;7
1001595;6;6;NG;NG;NG;NG;7;6;6;6;5;6;4;5;NG;NG;7;NG;6;NG;NG;NG;NG;6;6;4;NG;NG;NG;5
1002735;7;7;6;8;7;6;8;8;7;7;6;6;8;7;8;8;7;9;7;NG;6;6;NG;7;7;7;NG;8;8;8
1001737;9;8;NG;NG;NG;NG;7;8;7;8;7;6;6;6;7;NG;9;NG;8;NG;NG;NG;NG;7;8;8;NG;NG;NG;6
1000851;8;8;NG;NG;NG;NG;9;9;NG;NG;NG;8;9;NG;NG;NG;NG;NG;NG;NG;NG;NG;NG;NG;8;NG;NG;NG;NG;NG
1001367;6;7;NG;NG;NG;NG;6;6;7;5;7;6;6;6;6;NG;7;NG;7;NG;NG;NG;NG;6;6;5;NG;NG;NG;8
1001241;6;6;NG;NG;NG;NG;6;6;NG;NG;NG;5;5;NG;NG;NG;NG;NG;NG;NG;NG;NG;NG;NG;5;NG;NG;NG;NG;NG
1001356;7;7;NG;NG;NG;NG;7;6;NG;NG;NG;7;6;NG;NG;NG;NG;NG;NG;NG;NG;NG;NG;NG;7;NG;NG;NG;NG;NG
1000591;7;7;NG;NG;NG;NG;7;8;NG;NG;NG;7;8;NG;NG;NG;NG;NG;NG;NG;NG;NG;NG;NG;5;NG;NG;NG;NG;NG
1000640;7;7;NG;NG;NG;NG;8;9;NG;NG;NG;7;9;NG;NG;NG;NG;NG;NG;NG;NG;NG;NG;NG;5;NG;NG;NG;NG;NG
1001513;7;6;NG;NG;NG;NG;8;7;7;7;6;6;6;7;8;NG;7;NG;6;NG;NG;NG;NG;6;7;6;NG;NG;NG;6
1002807;7;7;6;8;6;6;8;8;6;7;6;6;6;7;7;5;7;8;7;NG;6;5;NG;6;7;6;NG;7;8;6
1000426;8;8;NG;NG;NG;NG;7;7;NG;NG;NG;7;7;NG;NG;NG;NG;NG;NG;NG;NG;NG;NG;NG;8;NG;NG;NG;NG;NG
1002623;6;6;6;7;7;7;6;6;7;6;7;6;6;6;7;6;7;7;7;NG;6;7;NG;6;6;6;NG;8;7;6
1001584;9;9;NG;NG;NG;NG;10;10;9;8;9;8;9;8;9;NG;10;NG;8;NG;NG;NG;NG;8;8;8;NG;NG;NG;9
1002127;6;6;NG;NG;NG;NG;6;7;7;5;8;6;6;6;7;NG;6;NG;5;NG;NG;NG;NG;5;5;6;NG;NG;NG;6
1000796;10;9;NG;NG;NG;NG;9;8;NG;NG;NG;9;9;NG;NG;NG;NG;NG;NG;NG;NG;NG;NG;NG;9;NG;NG;NG;NG;NG
1002763;8;8;8;9;7;6;8;9;8;8;6;6;7;9;8;8;8;8;9;NG;6;7;NG;7;8;8;NG;9;8;8
1001211;9;8;NG;NG;NG;NG;10;9;NG;NG;NG;7;10;NG;NG;NG;NG;NG;NG;NG;NG;NG;NG;NG;8;NG;NG;NG;NG;NG
1000708;7;7;NG;NG;NG;NG;8;7;NG;NG;NG;6;8;NG;NG;NG;NG;NG;NG;NG;NG;NG;NG;NG;7;NG;NG;NG;NG;NG
1001725;9;9;NG;NG;NG;NG;8;8;8;8;8;10;9;8;9;NG;10;NG;8;NG;NG;NG;NG;9;7;7;NG;NG;NG;9
1002512;6;6;6;NG;NG;NG;8;7;6;6;6;4;7;6;NG;NG;5;6;6;NG;NG;NG;NG;5;6;6;NG;NG;NG;5
1002059;8;8;NG;NG;NG;NG;9;8;7;8;8;6;8;6;7;NG;7;NG;7;NG;NG;NG;NG;7;7;6;NG;NG;NG;7
1002216;8;8;NG;NG;NG;NG;9;9;10;8;9;8;9;9;9;NG;9;NG;8;NG;NG;NG;NG;8;6;7;NG;NG;NG;9
1002376;8;9;7;8;8;7;7;7;7;7;6;7;6;6;7;6;8;8;6;NG;6;7;NG;7;7;7;NG;7;5;6
1001517;6;6;NG;NG;NG;NG;8;7;6;5;7;6;9;8;7;NG;7;NG;6;NG;NG;NG;NG;6;5;6;NG;NG;NG;8
1001764;8;8;NG;NG;NG;NG;9;9;8;9;7;6;8;7;8;NG;7;NG;7;NG;NG;NG;NG;7;7;7;NG;NG;NG;7
1000235;7;7;NG;NG;NG;NG;7;6;NG;NG;NG;5;7;NG;NG;NG;NG;NG;NG;NG;NG;NG;NG;NG;7;NG;NG;NG;NG;NG
1000144;6;6;NG;NG;NG;NG;6;6;NG;NG;NG;5;4;NG;NG;NG;NG;NG;NG;NG;NG;NG;NG;NG;6;NG;NG;NG;NG;NG
1002430;9;9;8;8;9;9;9;9;9;9;9;8;8;8;9;9;9;9;7;NG;6;8;NG;8;8;8;NG;7;8;8
1002412;8;8;9;9;8;8;9;9;9;8;8;7;8;9;8;9;8;8;8;NG;8;8;NG;7;7;8;NG;9;9;7
1000838;7;8;NG;NG;NG;NG;7;8;NG;NG;NG;7;6;NG;NG;NG;NG;NG;NG;NG;NG;NG;NG;NG;8;NG;NG;NG;NG;NG
1002016;7;8;NG;NG;NG;NG;8;10;7;8;9;8;8;8;8;NG;10;NG;7;NG;NG;NG;NG;8;8;7;NG;NG;NG;9
1002640;9;8;8;8;9;8;8;8;7;9;8;8;7;7;8;7;9;8;8;NG;7;7;NG;8;8;8;NG;8;8;8
1002617;9;10;8;9;8;9;9;9;9;8;8;8;10;8;9;9;9;10;9;NG;7;9;NG;8;7;9;NG;10;9;9
1001497;8;7;NG;NG;NG;NG;7;7;7;9;5;6;5;6;8;NG;6;NG;8;NG;NG;NG;NG;6;7;7;NG;NG;NG;6
1000988;7;8;NG;NG;NG;NG;7;7;NG;NG;NG;8;7;NG;NG;NG;NG;NG;NG;NG;NG;NG;NG;NG;7;NG;NG;NG;NG;NG
1002024;8;8;NG;NG;NG;NG;8;9;8;8;9;9;8;10;8;NG;10;NG;7;NG;NG;NG;NG;8;7;8;NG;NG;NG;9
1001604;8;7;NG;NG;NG;NG;9;9;8;8;8;7;8;7;8;NG;9;NG;8;NG;NG;NG;NG;6;6;6;NG;NG;NG;9
1002341;7;7;7;7;7;6;6;6;6;7;6;6;6;7;7;5;8;7;6;NG;6;6;NG;7;6;6;NG;5;5;6
1002837;6;6;6;NG;6;NG;6;7;6;6;6;7;6;6;7;NG;8;7;6;NG;NG;NG;NG;6;6;4;NG;NG;NG;7
1002019;6;6;NG;NG;NG;NG;7;6;5;7;6;5;7;7;7;NG;7;NG;6;NG;NG;NG;NG;6;6;5;NG;NG;NG;6
1000266;9;8;NG;NG;NG;NG;9;8;NG;NG;NG;7;8;NG;NG;NG;NG;NG;NG;NG;NG;NG;NG;NG;7;NG;NG;NG;NG;NG
1002364;8;7;7;8;7;7;9;9;8;9;7;6;7;8;8;8;6;8;7;NG;7;7;NG;7;7;8;NG;8;9;6
1000842;9;8;NG;NG;NG;NG;8;9;NG;NG;NG;9;9;NG;NG;NG;NG;NG;NG;NG;NG;NG;NG;NG;7;NG;NG;NG;NG;NG
1002297;8;8;8;9;8;8;10;9;7;9;8;6;8;7;9;8;7;10;8;NG;6;8;NG;8;9;8;NG;9;10;7
1001976;7;7;NG;NG;NG;NG;7;7;7;7;6;7;7;7;8;NG;9;NG;6;NG;NG;NG;NG;6;7;5;NG;NG;NG;8
1000405;8;7;NG;NG;NG;NG;7;6;NG;NG;NG;6;5;NG;NG;NG;NG;NG;NG;NG;NG;NG;NG;NG;8;NG;NG;NG;NG;NG
1000801;7;7;NG;NG;NG;NG;9;8;NG;NG;NG;7;7;NG;NG;NG;NG;NG;NG;NG;NG;NG;NG;NG;7;NG;NG;NG;NG;NG
1001479;8;7;NG;NG;NG;NG;9;8;8;8;7;6;7;8;8;NG;6;NG;8;NG;NG;NG;NG;6;7;8;NG;NG;NG;8
1001258;7;6;NG;NG;NG;NG;7;8;NG;NG;NG;5;7;NG;NG;NG;NG;NG;NG;NG;NG;NG;NG;NG;7;NG;NG;NG;NG;NG
1001204;8;7;NG;NG;NG;NG;7;8;NG;NG;NG;6;6;NG;NG;NG;NG;NG;NG;NG;NG;NG;NG;NG;7;NG;NG;NG;NG;NG
1000712;7;7;NG;NG;NG;NG;7;7;NG;NG;NG;5;5;NG;NG;NG;NG;NG;NG;NG;NG;NG;NG;NG;7;NG;NG;NG;NG;NG
1000749;6;6;NG;NG;NG;NG;6;7;NG;NG;NG;6;6;NG;NG;NG;NG;NG;NG;NG;NG;NG;NG;NG;5;NG;NG;NG;NG;NG
1000261;9;8;NG;NG;NG;NG;9;7;NG;NG;NG;7;8;NG;NG;NG;NG;NG;NG;NG;NG;NG;NG;NG;8;NG;NG;NG;NG;NG
1002203;9;9;NG;NG;NG;NG;9;9;8;8;9;7;10;9;9;NG;9;NG;8;NG;NG;NG;NG;8;8;9;NG;NG;NG;8
1000279;6;7;NG;NG;NG;NG;7;7;NG;NG;NG;7;6;NG;NG;NG;NG;NG;NG;NG;NG;NG;NG;NG;6;NG;NG;NG;NG;NG
1002038;6;8;NG;NG;NG;NG;7;7;6;6;6;6;6;7;7;NG;7;NG;6;NG;NG;NG;NG;6;7;6;NG;NG;NG;7
1002824;6;7;7;7;6;6;9;9;7;7;8;6;8;8;8;8;7;7;7;NG;6;7;NG;6;6;7;NG;9;8;7
1001734;6;7;NG;NG;NG;NG;8;8;7;6;7;7;8;7;8;NG;8;NG;6;NG;NG;NG;NG;6;6;8;NG;NG;NG;7
1001645;8;7;NG;NG;NG;NG;8;7;7;6;6;6;6;7;NG;NG;6;NG;7;NG;NG;NG;NG;6;7;7;NG;NG;NG;5
1002313;6;8;8;7;7;9;8;9;9;8;8;9;10;8;10;10;9;8;7;NG;7;7;NG;7;7;7;NG;9;8;9
1000425;9;7;NG;NG;NG;NG;7;7;NG;NG;NG;6;7;NG;NG;NG;NG;NG;NG;NG;NG;NG;NG;NG;7;NG;NG;NG;NG;NG
1001176;8;8;NG;NG;NG;NG;8;9;NG;NG;NG;6;6;NG;NG;NG;NG;NG;NG;NG;NG;NG;NG;NG;8;NG;NG;NG;NG;NG
1002212;7;7;NG;NG;NG;NG;9;8;7;8;7;7;8;7;9;NG;9;NG;8;NG;NG;NG;NG;8;8;7;NG;NG;NG;8
1000687;7;8;NG;NG;NG;NG;7;7;NG;NG;NG;7;7;NG;NG;NG;NG;NG;NG;NG;NG;NG;NG;NG;6;NG;NG;NG;NG;NG
1000633;7;7;NG;NG;NG;NG;7;6;NG;NG;NG;6;4;NG;NG;NG;NG;NG;NG;NG;NG;NG;NG;NG;7;NG;NG;NG;NG;NG
1000553;7;7;NG;NG;NG;NG;8;7;NG;NG;NG;7;8;NG;NG;NG;NG;NG;NG;NG;NG;NG;NG;NG;7;NG;NG;NG;NG;NG
1002662;7;7;7;6;6;7;9;8;7;6;7;7;7;7;6;7;7;8;6;NG;6;7;NG;6;7;7;NG;7;7;6
1000781;6;6;NG;NG;NG;NG;7;7;NG;NG;NG;5;6;NG;NG;NG;NG;NG;NG;NG;NG;NG;NG;NG;6;NG;NG;NG;NG;NG
1001289;8;8;NG;NG;NG;NG;9;10;NG;NG;NG;8;9;NG;NG;NG;NG;NG;NG;NG;NG;NG;NG;NG;8;NG;NG;NG;NG;NG
1000732;6;6;NG;NG;NG;NG;5;6;NG;NG;NG;7;6;NG;NG;NG;NG;NG;NG;NG;NG;NG;NG;NG;6;NG;NG;NG;NG;NG
1001047;8;8;NG;NG;NG;NG;8;8;NG;NG;NG;7;8;NG;NG;NG;NG;NG;NG;NG;NG;NG;NG;NG;8;NG;NG;NG;NG;NG
1002587;6;6;6;NG;NG;NG;7;6;5;6;6;5;6;6;NG;NG;7;6;5;NG;NG;NG;NG;6;6;6;NG;NG;NG;5
1000176;6;7;NG;NG;NG;NG;8;6;NG;NG;NG;7;8;NG;NG;NG;NG;NG;NG;NG;NG;NG;NG;NG;5;NG;NG;NG;NG;NG
1001639;7;9;NG;NG;NG;NG;8;7;8;8;7;7;7;6;9;NG;8;NG;8;NG;NG;NG;NG;7;7;7;NG;NG;NG;7
1002626;8;8;8;8;8;8;9;8;7;9;7;7;7;8;8;7;7;9;8;NG;7;8;NG;8;7;8;NG;9;9;6
1001845;6;7;NG;NG;NG;NG;6;7;7;6;7;6;6;7;7;NG;7;NG;6;NG;NG;NG;NG;7;5;6;NG;NG;NG;6
1002273;8;7;7;7;9;8;9;7;8;8;6;6;7;6;8;6;8;9;8;NG;7;8;NG;8;8;7;NG;8;6;6
1001804;8;8;NG;NG;NG;NG;8;8;7;7;7;6;7;7;7;NG;7;NG;7;NG;NG;NG;NG;6;8;7;NG;NG;NG;7
1001796;6;6;NG;NG;NG;NG;7;7;5;5;7;6;7;7;7;NG;8;NG;6;NG;NG;NG;NG;5;4;5;NG;NG;NG;6
1000321;7;9;NG;NG;NG;NG;10;10;NG;NG;NG;7;10;NG;NG;NG;NG;NG;NG;NG;NG;NG;NG;NG;7;NG;NG;NG;NG;NG
1001328;6;5;NG;NG;NG;NG;7;7;NG;NG;NG;5;8;NG;NG;NG;NG;NG;NG;NG;NG;NG;NG;NG;4;NG;NG;NG;NG;NG
1001616;6;7;NG;NG;NG;NG;6;7;7;7;7;7;6;6;7;NG;9;NG;6;NG;NG;NG;NG;6;6;4;NG;NG;NG;7
1002231;7;6;NG;NG;NG;NG;8;7;6;7;6;6;6;7;6;NG;7;NG;7;NG;NG;NG;NG;7;7;7;NG;NG;NG;6
1001049;8;8;NG;NG;NG;NG;7;7;NG;NG;NG;8;7;NG;NG;NG;NG;NG;NG;NG;NG;NG;NG;NG;9;NG;NG;NG;NG;NG
1001146;9;8;NG;NG;NG;NG;9;8;NG;NG;NG;9;7;NG;NG;NG;NG;NG;NG;NG;NG;NG;NG;NG;8;NG;NG;NG;NG;NG
1002848;10;10;8;9;10;9;10;9;9;9;9;9;8;8;10;7;10;10;8;NG;8;9;NG;9;10;9;NG;9;7;9
1001662;7;8;NG;NG;NG;NG;8;7;7;7;8;7;8;6;8;NG;8;NG;7;NG;NG;NG;NG;7;7;6;NG;NG;NG;8
1000983;7;6;NG;NG;NG;NG;7;8;NG;NG;NG;5;7;NG;NG;NG;NG;NG;NG;NG;NG;NG;NG;NG;6;NG;NG;NG;NG;NG
1000845;7;6;NG;NG;NG;NG;7;7;NG;NG;NG;5;5;NG;NG;NG;NG;NG;NG;NG;NG;NG;NG;NG;7;NG;NG;NG;NG;NG
1000377;9;9;NG;NG;NG;NG;8;7;NG;NG;NG;7;7;NG;NG;NG;NG;NG;NG;NG;NG;NG;NG;NG;9;NG;NG;NG;NG;NG
1000645;9;8;NG;NG;NG;NG;8;9;NG;NG;NG;8;8;NG;NG;NG;NG;NG;NG;NG;NG;NG;NG;NG;9;NG;NG;NG;NG;NG
1000311;7;9;NG;NG;NG;NG;8;8;NG;NG;NG;7;7;NG;NG;NG;NG;NG;NG;NG;NG;NG;NG;NG;7;NG;NG;NG;NG;NG
1000744;8;7;NG;NG;NG;NG;7;6;NG;NG;NG;6;8;NG;NG;NG;NG;NG;NG;NG;NG;NG;NG;NG;7;NG;NG;NG;NG;NG
1002337;8;9;7;9;8;9;8;9;8;8;7;8;7;7;9;7;8;9;8;NG;6;8;NG;8;8;7;NG;8;7;7
1001232;7;8;NG;NG;NG;NG;8;8;NG;NG;NG;7;8;NG;NG;NG;NG;NG;NG;NG;NG;NG;NG;NG;6;NG;NG;NG;NG;NG
1000579;7;7;NG;NG;NG;NG;7;5;NG;NG;NG;5;4;NG;NG;NG;NG;NG;NG;NG;NG;NG;NG;NG;7;NG;NG;NG;NG;NG
1001037;9;8;NG;NG;NG;NG;8;9;NG;NG;NG;8;8;NG;NG;NG;NG;NG;NG;NG;NG;NG;NG;NG;8;NG;NG;NG;NG;NG
1001279;8;8;NG;NG;NG;NG;8;8;NG;NG;NG;8;7;NG;NG;NG;NG;NG;NG;NG;NG;NG;NG;NG;7;NG;NG;NG;NG;NG
1001410;8;7;NG;NG;NG;NG;6;6;7;6;6;6;6;5;8;NG;7;NG;7;NG;NG;NG;NG;7;6;6;NG;NG;NG;6
1002646;8;9;8;9;9;9;7;10;8;8;8;9;9;8;8;8;10;9;8;NG;7;7;NG;8;7;7;NG;8;6;9
1001163;6;8;NG;NG;NG;NG;5;7;NG;NG;NG;7;5;NG;NG;NG;NG;NG;NG;NG;NG;NG;NG;NG;5;NG;NG;NG;NG;NG
1000382;8;7;NG;NG;NG;NG;8;7;NG;NG;NG;7;6;NG;NG;NG;NG;NG;NG;NG;NG;NG;NG;NG;8;NG;NG;NG;NG;NG
1001168;7;8;NG;NG;NG;NG;8;7;NG;NG;NG;8;8;NG;NG;NG;NG;NG;NG;NG;NG;NG;NG;NG;8;NG;NG;NG;NG;NG
1000788;8;8;NG;NG;NG;NG;8;7;NG;NG;NG;7;7;NG;NG;NG;NG;NG;NG;NG;NG;NG;NG;NG;7;NG;NG;NG;NG;NG
1002798;7;6;7;7;6;7;8;7;6;6;7;6;7;7;7;7;9;7;6;NG;6;6;NG;7;6;6;NG;6;7;8
1001626;7;7;NG;NG;NG;NG;8;7;7;7;6;6;6;6;7;NG;7;NG;7;NG;NG;NG;NG;7;7;7;NG;NG;NG;6
1000661;9;8;NG;NG;NG;NG;9;8;NG;NG;NG;9;9;NG;NG;NG;NG;NG;NG;NG;NG;NG;NG;NG;8;NG;NG;NG;NG;NG
1001723;6;6;NG;NG;NG;NG;6;6;6;6;5;4;5;4;6;NG;6;NG;6;NG;NG;NG;NG;5;6;5;NG;NG;NG;6
1000663;8;8;NG;NG;NG;NG;7;7;NG;NG;NG;8;7;NG;NG;NG;NG;NG;NG;NG;NG;NG;NG;NG;6;NG;NG;NG;NG;NG
1002502;8;7;8;8;8;9;9;8;8;7;7;8;7;7;9;7;8;8;7;NG;7;7;NG;7;7;7;NG;9;8;7
1002607;8;8;8;8;8;7;8;9;8;8;8;9;9;8;9;8;10;9;8;NG;7;7;NG;7;7;7;NG;8;8;8
1001902;7;7;NG;NG;NG;NG;7;6;7;8;5;5;7;7;6;NG;6;NG;6;NG;NG;NG;NG;6;6;6;NG;NG;NG;7
1000037;6;6;NG;NG;NG;NG;8;8;NG;NG;NG;6;8;NG;NG;NG;NG;NG;NG;NG;NG;NG;NG;NG;6;NG;NG;NG;NG;NG
1001010;8;8;NG;NG;NG;NG;7;6;NG;NG;NG;6;5;NG;NG;NG;NG;NG;NG;NG;NG;NG;NG;NG;8;NG;NG;NG;NG;NG
1002320;7;6;6;NG;7;NG;8;8;6;6;5;4;6;7;7;NG;6;8;6;NG;NG;NG;NG;5;6;6;NG;NG;NG;6
1001755;6;7;NG;NG;NG;NG;6;6;6;6;5;6;5;5;8;NG;7;NG;6;NG;NG;NG;NG;7;6;5;NG;NG;NG;6
1002060;8;8;NG;NG;NG;NG;9;8;7;8;7;7;7;7;8;NG;7;NG;9;NG;NG;NG;NG;7;9;7;NG;NG;NG;7
1001544;9;8;NG;NG;NG;NG;9;9;8;8;8;9;9;8;9;NG;8;NG;8;NG;NG;NG;NG;8;8;7;NG;NG;NG;8
1000945;7;7;NG;NG;NG;NG;8;9;NG;NG;NG;9;9;NG;NG;NG;NG;NG;NG;NG;NG;NG;NG;NG;6;NG;NG;NG;NG;NG
1000999;6;5;NG;NG;NG;NG;6;6;NG;NG;NG;4;7;NG;NG;NG;NG;NG;NG;NG;NG;NG;NG;NG;5;NG;NG;NG;NG;NG
1002492;7;8;7;6;7;7;8;8;8;7;7;8;7;7;9;7;9;8;8;NG;6;7;NG;8;7;6;NG;7;4;7
1000984;7;7;NG;NG;NG;NG;7;8;NG;NG;NG;6;7;NG;NG;NG;NG;NG;NG;NG;NG;NG;NG;NG;6;NG;NG;NG;NG;NG
1001456;7;8;NG;NG;NG;NG;8;8;8;7;8;8;7;7;8;NG;8;NG;8;NG;NG;NG;NG;8;7;6;NG;NG;NG;8
1002438;8;8;8;8;7;8;7;8;8;7;8;8;8;7;8;7;9;8;7;NG;6;6;NG;8;6;7;NG;9;7;8
1000814;6;7;NG;NG;NG;NG;7;7;NG;NG;NG;6;8;NG;NG;NG;NG;NG;NG;NG;NG;NG;NG;NG;6;NG;NG;NG;NG;NG
1001483;7;7;NG;NG;NG;NG;8;8;7;7;8;7;9;7;8;NG;9;NG;NG;NG;NG;NG;NG;7;6;6;NG;NG;NG;8
1000293;9;9;NG;NG;NG;NG;8;7;NG;NG;NG;7;7;NG;NG;NG;NG;NG;NG;NG;NG;NG;NG;NG;9;NG;NG;NG;NG;NG
1001250;9;9;NG;NG;NG;NG;10;9;NG;NG;NG;6;8;NG;NG;NG;NG;NG;NG;NG;NG;NG;NG;NG;8;NG;NG;NG;NG;NG
1002691;6;7;7;6;7;7;8;7;8;6;8;8;8;7;7;8;9;8;7;NG;6;6;NG;8;6;6;NG;7;5;9
1002751;7;7;8;7;6;6;7;7;8;6;8;7;8;6;7;6;8;7;6;NG;6;6;NG;6;7;6;NG;7;6;6
1002391;8;8;9;8;8;9;9;8;9;8;10;8;10;9;9;10;10;9;8;NG;8;7;NG;8;7;7;NG;10;9;9
1002600;7;8;8;7;7;7;7;8;8;7;8;8;8;7;8;7;9;7;6;NG;6;7;NG;8;6;6;NG;8;6;8
1001422;7;6;NG;NG;NG;NG;7;6;6;6;7;6;7;7;7;NG;7;NG;6;NG;NG;NG;NG;5;6;6;NG;NG;NG;7
1001458;8;8;NG;NG;NG;NG;8;7;7;8;5;6;6;5;7;NG;7;NG;7;NG;NG;NG;NG;8;8;8;NG;NG;NG;6
1001997;8;8;NG;NG;NG;NG;10;9;7;7;7;7;8;9;8;NG;8;NG;7;NG;NG;NG;NG;7;7;8;NG;NG;NG;7
1000893;8;7;NG;NG;NG;NG;9;8;NG;NG;NG;6;8;NG;NG;NG;NG;NG;NG;NG;NG;NG;NG;NG;8;NG;NG;NG;NG;NG
1000174;9;8;NG;NG;NG;NG;9;9;NG;NG;NG;9;9;NG;NG;NG;NG;NG;NG;NG;NG;NG;NG;NG;6;NG;NG;NG;NG;NG
1001905;8;8;NG;NG;NG;NG;8;8;8;8;7;7;7;8;7;NG;9;NG;8;NG;NG;NG;NG;7;7;6;NG;NG;NG;7
1000729;6;6;NG;NG;NG;NG;7;7;NG;NG;NG;6;6;NG;NG;NG;NG;NG;NG;NG;NG;NG;NG;NG;4;NG;NG;NG;NG;NG
1000453;8;7;NG;NG;NG;NG;8;7;NG;NG;NG;7;7;NG;NG;NG;NG;NG;NG;NG;NG;NG;NG;NG;7;NG;NG;NG;NG;NG
1002332;9;9;9;9;9;9;8;8;9;9;8;8;7;8;8;7;10;10;8;NG;7;9;NG;9;9;8;NG;8;8;9
1001685;6;6;NG;NG;NG;NG;7;6;7;6;4;5;5;6;NG;NG;6;NG;6;NG;NG;NG;NG;6;6;6;NG;NG;NG;5
1000275;9;8;NG;NG;NG;NG;9;8;NG;NG;NG;9;8;NG;NG;NG;NG;NG;NG;NG;NG;NG;NG;NG;7;NG;NG;NG;NG;NG
1002638;7;7;7;7;8;7;7;7;7;7;7;7;6;6;7;7;9;8;8;NG;6;7;NG;7;8;6;NG;6;6;6
1001996;9;9;NG;NG;NG;NG;9;9;8;10;7;7;8;8;9;NG;8;NG;8;NG;NG;NG;NG;8;9;8;NG;NG;NG;7
1002106;6;6;NG;NG;NG;NG;6;8;7;6;8;7;8;7;7;NG;9;NG;7;NG;NG;NG;NG;7;6;4;NG;NG;NG;8
1000262;7;8;NG;NG;NG;NG;7;7;NG;NG;NG;8;7;NG;NG;NG;NG;NG;NG;NG;NG;NG;NG;NG;7;NG;NG;NG;NG;NG
1001568;7;8;NG;NG;NG;NG;8;7;8;6;8;7;8;7;8;NG;9;NG;7;NG;NG;NG;NG;7;7;6;NG;NG;NG;7
1002720;9;9;8;8;9;8;9;10;8;9;8;8;9;8;8;8;9;9;8;NG;7;7;NG;7;7;8;NG;9;8;8
1000793;6;7;NG;NG;NG;NG;8;7;NG;NG;NG;7;8;NG;NG;NG;NG;NG;NG;NG;NG;NG;NG;NG;5;NG;NG;NG;NG;NG
1001636;7;8;NG;NG;NG;NG;7;8;8;8;7;7;7;7;8;NG;9;NG;8;NG;NG;NG;NG;7;8;7;NG;NG;NG;7
1001275;8;8;NG;NG;NG;NG;10;9;NG;NG;NG;6;8;NG;NG;NG;NG;NG;NG;NG;NG;NG;NG;NG;8;NG;NG;NG;NG;NG
1001215;8;8;NG;NG;NG;NG;8;7;NG;NG;NG;5;7;NG;NG;NG;NG;NG;NG;NG;NG;NG;NG;NG;7;NG;NG;NG;NG;NG
1000894;8;8;NG;NG;NG;NG;8;8;NG;NG;NG;9;9;NG;NG;NG;NG;NG;NG;NG;NG;NG;NG;NG;7;NG;NG;NG;NG;NG
1002099;6;6;NG;NG;NG;NG;7;7;6;7;5;4;6;7;NG;NG;5;NG;6;NG;NG;NG;NG;6;5;5;NG;NG;NG;5
1000038;7;7;NG;NG;NG;NG;7;7;NG;NG;NG;7;7;NG;NG;NG;NG;NG;NG;NG;NG;NG;NG;NG;7;NG;NG;NG;NG;NG
1000949;7;7;NG;NG;NG;NG;8;8;NG;NG;NG;8;9;NG;NG;NG;NG;NG;NG;NG;NG;NG;NG;NG;6;NG;NG;NG;NG;NG
1001201;9;10;NG;NG;NG;NG;9;9;NG;NG;NG;10;9;NG;NG;NG;NG;NG;NG;NG;NG;NG;NG;NG;9;NG;NG;NG;NG;NG
1000595;8;6;NG;NG;NG;NG;8;7;NG;NG;NG;6;7;NG;NG;NG;NG;NG;NG;NG;NG;NG;NG;NG;7;NG;NG;NG;NG;NG
1001113;7;6;NG;NG;NG;NG;7;7;NG;NG;NG;6;5;NG;NG;NG;NG;NG;NG;NG;NG;NG;NG;NG;8;NG;NG;NG;NG;NG
1002124;8;8;NG;NG;NG;NG;7;7;8;8;8;8;7;7;9;NG;8;NG;7;NG;NG;NG;NG;8;8;7;NG;NG;NG;7
1000562;7;7;NG;NG;NG;NG;9;9;NG;NG;NG;8;9;NG;NG;NG;NG;NG;NG;NG;NG;NG;NG;NG;6;NG;NG;NG;NG;NG
1001263;5;6;NG;NG;NG;NG;7;6;NG;NG;NG;7;7;NG;NG;NG;NG;NG;NG;NG;NG;NG;NG;NG;5;NG;NG;NG;NG;NG
1002382;7;7;7;7;7;6;8;8;8;7;7;7;6;7;7;7;8;8;7;NG;7;7;NG;7;6;6;NG;8;6;7
1002132;7;7;NG;NG;NG;NG;8;8;7;7;7;6;8;7;7;NG;6;NG;7;NG;NG;NG;NG;6;6;7;NG;NG;NG;6
1002333;9;9;8;9;9;9;9;9;8;9;6;7;8;8;9;8;10;9;8;NG;7;9;NG;8;10;9;NG;8;8;6
1000607;7;7;NG;NG;NG;NG;7;6;NG;NG;NG;6;5;NG;NG;NG;NG;NG;NG;NG;NG;NG;NG;NG;6;NG;NG;NG;NG;NG
1000848;7;8;NG;NG;NG;NG;9;9;NG;NG;NG;8;9;NG;NG;NG;NG;NG;NG;NG;NG;NG;NG;NG;8;NG;NG;NG;NG;NG
1001791;7;6;NG;NG;NG;NG;8;8;6;7;8;7;9;7;8;NG;7;NG;7;NG;NG;NG;NG;7;6;6;NG;NG;NG;8
1002495;7;7;6;NG;6;NG;6;7;6;6;6;6;6;6;7;NG;7;6;7;NG;NG;NG;NG;6;7;5;NG;NG;NG;6
1001265;7;8;NG;NG;NG;NG;8;8;NG;NG;NG;8;8;NG;NG;NG;NG;NG;NG;NG;NG;NG;NG;NG;7;NG;NG;NG;NG;NG
1002089;9;9;NG;NG;NG;NG;8;8;8;8;7;8;6;8;9;NG;10;NG;7;NG;NG;NG;NG;8;7;7;NG;NG;NG;7
1000489;7;8;NG;NG;NG;NG;8;7;NG;NG;NG;9;8;NG;NG;NG;NG;NG;NG;NG;NG;NG;NG;NG;6;NG;NG;NG;NG;NG
1000581;8;8;NG;NG;NG;NG;7;7;NG;NG;NG;8;7;NG;NG;NG;NG;NG;NG;NG;NG;NG;NG;NG;7;NG;NG;NG;NG;NG
1000241;6;7;NG;NG;NG;NG;7;8;NG;NG;NG;7;7;NG;NG;NG;NG;NG;NG;NG;NG;NG;NG;NG;5;NG;NG;NG;NG;NG
1001116;7;7;NG;NG;NG;NG;NG;8;NG;NG;NG;7;8;NG;NG;NG;NG;NG;NG;NG;NG;NG;NG;NG;8;NG;NG;NG;NG;NG
1001122;7;9;NG;NG;NG;NG;8;9;NG;NG;NG;7;7;NG;NG;NG;NG;NG;NG;NG;NG;NG;NG;NG;7;NG;NG;NG;NG;NG
1001962;6;6;NG;NG;NG;NG;8;6;5;5;6;4;7;6;NG;NG;6;NG;6;NG;NG;NG;NG;4;4;6;NG;NG;NG;5
1002267;7;7;7;NG;6;NG;8;8;6;8;6;5;6;7;7;NG;6;8;7;NG;NG;NG;NG;6;7;7;NG;NG;NG;6
1001171;8;7;NG;NG;NG;NG;8;8;NG;NG;NG;8;7;NG;NG;NG;NG;NG;NG;NG;NG;NG;NG;NG;7;NG;NG;NG;NG;NG
1000943;7;8;NG;NG;NG;NG;8;6;NG;NG;NG;6;6;NG;NG;NG;NG;NG;NG;NG;NG;NG;NG;NG;7;NG;NG;NG;NG;NG
1000133;8;7;NG;NG;NG;NG;10;9;NG;NG;NG;6;9;NG;NG;NG;NG;NG;NG;NG;NG;NG;NG;NG;8;NG;NG;NG;NG;NG
1002029;8;8;NG;NG;NG;NG;9;10;10;9;9;9;9;9;9;NG;10;NG;8;NG;NG;NG;NG;8;7;8;NG;NG;NG;10
1000445;7;7;NG;NG;NG;NG;7;7;NG;NG;NG;6;7;NG;NG;NG;NG;NG;NG;NG;NG;NG;NG;NG;7;NG;NG;NG;NG;NG
1001875;7;7;NG;NG;NG;NG;8;7;7;7;8;7;8;7;7;NG;7;NG;7;NG;NG;NG;NG;7;6;7;NG;NG;NG;7
1001861;8;8;NG;NG;NG;NG;7;9;7;7;8;7;8;8;8;NG;9;NG;8;NG;NG;NG;NG;7;6;7;NG;NG;NG;8
1002171;6;6;NG;NG;NG;NG;7;6;6;6;5;6;6;6;6;NG;6;NG;6;NG;NG;NG;NG;6;7;7;NG;NG;NG;6
1000939;7;6;NG;NG;NG;NG;7;6;NG;NG;NG;6;5;NG;NG;NG;NG;NG;NG;NG;NG;NG;NG;NG;7;NG;NG;NG;NG;NG
1002481;9;8;7;8;8;8;9;8;8;8;7;6;7;7;10;8;8;7;8;NG;6;8;NG;7;7;7;NG;8;9;6
1002703;7;8;6;7;8;8;7;7;7;8;6;7;7;6;9;5;8;9;7;NG;7;7;NG;6;7;7;NG;7;5;7
1000068;7;7;NG;NG;NG;NG;9;7;NG;NG;NG;5;6;NG;NG;NG;NG;NG;NG;NG;NG;NG;NG;NG;6;NG;NG;NG;NG;NG
1000507;7;7;NG;NG;NG;NG;8;7;NG;NG;NG;7;7;NG;NG;NG;NG;NG;NG;NG;NG;NG;NG;NG;6;NG;NG;NG;NG;NG
1002434;7;7;7;6;7;8;8;7;7;7;9;7;8;6;8;6;8;8;7;NG;6;7;NG;7;6;6;NG;8;6;8
1001895;6;7;NG;NG;NG;NG;6;7;6;6;6;5;7;6;7;NG;7;NG;7;NG;NG;NG;NG;6;5;4;NG;NG;NG;6
1000203;9;8;NG;NG;NG;NG;8;8;NG;NG;NG;6;6;NG;NG;NG;NG;NG;NG;NG;NG;NG;NG;NG;9;NG;NG;NG;NG;NG
1001506;6;6;NG;NG;NG;NG;6;7;5;6;5;4;6;6;6;NG;5;NG;6;NG;NG;NG;NG;5;4;6;NG;NG;NG;6
1001602;7;6;NG;NG;NG;NG;8;6;5;6;5;4;6;6;7;NG;6;NG;6;NG;NG;NG;NG;5;6;6;NG;NG;NG;6
1001068;8;8;NG;NG;NG;NG;8;7;NG;NG;NG;8;7;NG;NG;NG;NG;NG;NG;NG;NG;NG;NG;NG;7;NG;NG;NG;NG;NG
1002325;9;8;7;8;8;8;8;9;8;8;10;9;9;8;8;9;10;9;8;NG;7;7;NG;8;8;7;NG;7;7;10
1000199;7;8;NG;NG;NG;NG;10;8;NG;NG;NG;7;10;NG;NG;NG;NG;NG;NG;NG;NG;NG;NG;NG;7;NG;NG;NG;NG;NG
1000615;7;6;NG;NG;NG;NG;6;6;NG;NG;NG;7;8;NG;NG;NG;NG;NG;NG;NG;NG;NG;NG;NG;6;NG;NG;NG;NG;NG
1001618;8;8;NG;NG;NG;NG;10;9;8;9;8;7;8;8;9;NG;8;NG;8;NG;NG;NG;NG;8;7;8;NG;NG;NG;8
1001991;8;8;NG;NG;NG;NG;8;7;8;7;7;7;7;7;9;NG;9;NG;8;NG;NG;NG;NG;7;6;6;NG;NG;NG;7
1000755;9;8;NG;NG;NG;NG;8;8;NG;NG;NG;8;8;NG;NG;NG;NG;NG;NG;NG;NG;NG;NG;NG;8;NG;NG;NG;NG;NG
1002251;7;7;7;6;7;7;7;6;8;6;7;7;7;6;8;7;9;7;7;NG;6;6;NG;6;6;6;NG;8;5;8
1002797;7;8;8;7;7;8;8;8;8;7;8;8;9;7;8;8;10;9;8;NG;6;7;NG;7;7;6;NG;8;7;9
1001790;8;7;NG;NG;NG;NG;7;7;8;NG;6;7;6;7;8;NG;7;NG;7;NG;NG;NG;NG;6;7;6;NG;NG;NG;6
1002679;7;6;6;7;7;7;7;7;6;7;6;6;6;6;7;6;7;7;6;NG;6;6;NG;7;7;6;NG;7;7;6
1000647;8;7;NG;NG;NG;NG;8;8;NG;NG;NG;5;6;NG;NG;NG;NG;NG;NG;NG;NG;NG;NG;NG;8;NG;NG;NG;NG;NG
1001126;9;8;NG;NG;NG;NG;8;7;NG;NG;NG;7;6;NG;NG;NG;NG;NG;NG;NG;NG;NG;NG;NG;8;NG;NG;NG;NG;NG
1002296;6;6;7;6;6;5;7;7;6;6;6;6;6;7;8;8;6;7;7;NG;5;5;NG;6;6;6;NG;7;7;6
1000202;7;9;NG;NG;NG;NG;9;8;NG;NG;NG;8;9;NG;NG;NG;NG;NG;NG;NG;NG;NG;NG;NG;7;NG;NG;NG;NG;NG
1002436;7;7;7;7;7;8;8;8;8;8;6;6;8;8;7;8;6;8;7;NG;7;7;NG;6;6;7;NG;9;8;7
1002277;6;6;6;7;6;6;6;6;7;6;6;6;6;7;7;6;8;7;6;NG;4;5;NG;7;6;6;NG;5;5;6
1001382;7;9;NG;NG;NG;NG;7;7;7;7;6;8;6;8;8;NG;9;NG;8;NG;NG;NG;NG;8;8;6;NG;NG;NG;8
1001800;6;6;NG;NG;NG;NG;6;7;7;5;6;5;6;6;6;NG;6;NG;5;NG;NG;NG;NG;5;4;4;NG;NG;NG;6
1001490;9;9;NG;NG;NG;NG;7;7;9;9;6;6;7;6;9;NG;8;NG;7;NG;NG;NG;NG;7;9;8;NG;NG;NG;7
1001436;7;8;NG;NG;NG;NG;8;7;6;7;6;6;6;8;8;NG;8;NG;6;NG;NG;NG;NG;7;7;6;NG;NG;NG;7
1001095;8;8;NG;NG;NG;NG;9;9;NG;NG;NG;7;9;NG;NG;NG;NG;NG;NG;NG;NG;NG;NG;NG;6;NG;NG;NG;NG;NG
1000463;10;10;NG;NG;NG;NG;10;9;NG;NG;NG;8;7;NG;NG;NG;NG;NG;NG;NG;NG;NG;NG;NG;10;NG;NG;NG;NG;NG
1000318;9;8;NG;NG;NG;NG;9;7;NG;NG;NG;6;7;NG;NG;NG;NG;NG;NG;NG;NG;NG;NG;NG;8;NG;NG;NG;NG;NG
1001550;8;6;NG;NG;NG;NG;7;7;7;7;7;6;7;6;7;NG;7;NG;7;NG;NG;NG;NG;6;6;6;NG;NG;NG;7
1001833;7;7;NG;NG;NG;NG;8;8;7;7;6;7;6;6;8;NG;8;NG;6;NG;NG;NG;NG;6;7;7;NG;NG;NG;6
1002706;7;6;6;NG;NG;NG;6;7;6;7;5;4;5;6;NG;NG;5;7;6;NG;NG;NG;NG;5;7;7;NG;NG;NG;5
1000691;9;8;NG;NG;NG;NG;10;10;NG;NG;NG;8;10;NG;NG;NG;NG;NG;NG;NG;NG;NG;NG;NG;9;NG;NG;NG;NG;NG
1002151;7;5;NG;NG;NG;NG;6;7;5;6;5;4;6;6;NG;NG;4;NG;6;NG;NG;NG;NG;4;6;6;NG;NG;NG;5
1000527;7;8;NG;NG;NG;NG;8;8;NG;NG;NG;8;7;NG;NG;NG;NG;NG;NG;NG;NG;NG;NG;NG;7;NG;NG;NG;NG;NG
1000746;8;7;NG;NG;NG;NG;6;6;NG;NG;NG;6;6;NG;NG;NG;NG;NG;NG;NG;NG;NG;NG;NG;6;NG;NG;NG;NG;NG
1002134;7;7;NG;NG;NG;NG;8;8;8;7;8;7;8;8;8;NG;8;NG;7;NG;NG;NG;NG;7;7;7;NG;NG;NG;8
1001607;9;9;NG;NG;NG;NG;9;9;9;9;7;8;6;7;9;NG;10;NG;8;NG;NG;NG;NG;8;8;7;NG;NG;NG;8
1000690;9;9;NG;NG;NG;NG;8;7;NG;NG;NG;7;6;NG;NG;NG;NG;NG;NG;NG;NG;NG;NG;NG;9;NG;NG;NG;NG;NG
1000822;8;8;NG;NG;NG;NG;8;7;NG;NG;NG;6;7;NG;NG;NG;NG;NG;NG;NG;NG;NG;NG;NG;7;NG;NG;NG;NG;NG
1002229;7;7;NG;NG;NG;NG;8;7;7;7;7;7;6;6;8;NG;9;NG;6;NG;NG;NG;NG;7;6;6;NG;NG;NG;8
1000563;7;7;NG;NG;NG;NG;9;8;NG;NG;NG;6;6;NG;NG;NG;NG;NG;NG;NG;NG;NG;NG;NG;8;NG;NG;NG;NG;NG
1000472;6;5;NG;NG;NG;NG;NG;7;NG;NG;NG;5;6;NG;NG;NG;NG;NG;NG;NG;NG;NG;NG;NG;6;NG;NG;NG;NG;NG
1002643;7;7;7;7;7;7;8;7;8;8;7;8;6;7;7;7;8;8;7;NG;6;8;NG;7;8;6;NG;7;5;8
1000048;7;7;NG;NG;NG;NG;8;8;NG;NG;NG;6;7;NG;NG;NG;NG;NG;NG;NG;NG;NG;NG;NG;6;NG;NG;NG;NG;NG
1000834;9;7;NG;NG;NG;NG;9;9;NG;NG;NG;7;8;NG;NG;NG;NG;NG;NG;NG;NG;NG;NG;NG;9;NG;NG;NG;NG;NG
1002093;7;8;NG;NG;NG;NG;9;9;8;8;6;7;8;7;8;NG;8;NG;9;NG;NG;NG;NG;8;8;8;NG;NG;NG;8
1002384;7;7;7;8;7;7;10;8;8;7;9;7;9;8;8;9;7;9;8;NG;7;5;NG;7;6;7;NG;9;8;8
1002218;7;7;NG;NG;NG;NG;8;8;7;7;7;6;7;7;6;NG;7;NG;7;NG;NG;NG;NG;6;6;7;NG;NG;NG;6
1001829;7;6;NG;NG;NG;NG;6;7;7;7;6;6;6;7;8;NG;8;NG;6;NG;NG;NG;NG;6;6;6;NG;NG;NG;7
1000683;6;7;NG;NG;NG;NG;7;8;NG;NG;NG;6;7;NG;NG;NG;NG;NG;NG;NG;NG;NG;NG;NG;6;NG;NG;NG;NG;NG
1000575;7;7;NG;NG;NG;NG;8;9;NG;NG;NG;7;8;NG;NG;NG;NG;NG;NG;NG;NG;NG;NG;NG;7;NG;NG;NG;NG;NG
1000210;7;7;NG;NG;NG;NG;7;6;NG;NG;NG;6;5;NG;NG;NG;NG;NG;NG;NG;NG;NG;NG;NG;6;NG;NG;NG;NG;NG
1001162;8;8;NG;NG;NG;NG;8;9;NG;NG;NG;7;6;NG;NG;NG;NG;NG;NG;NG;NG;NG;NG;NG;10;NG;NG;NG;NG;NG
1002796;6;6;6;NG;6;NG;6;6;6;6;6;4;6;6;6;NG;6;7;6;NG;NG;NG;NG;5;6;6;NG;NG;NG;6
1000855;7;6;NG;NG;NG;NG;7;7;NG;NG;NG;7;5;NG;NG;NG;NG;NG;NG;NG;NG;NG;NG;NG;5;NG;NG;NG;NG;NG
1002268;8;6;8;8;6;6;9;8;7;8;7;7;8;8;7;9;7;7;8;NG;6;6;NG;6;7;7;NG;8;8;8
1001150;7;8;NG;NG;NG;NG;9;8;NG;NG;NG;9;9;NG;NG;NG;NG;NG;NG;NG;NG;NG;NG;NG;7;NG;NG;NG;NG;NG
1001379;7;6;NG;NG;NG;NG;9;8;7;8;7;6;7;7;7;NG;6;NG;7;NG;NG;NG;NG;6;6;8;NG;NG;NG;6
1000449;9;9;NG;NG;NG;NG;10;9;NG;NG;NG;8;8;NG;NG;NG;NG;NG;NG;NG;NG;NG;NG;NG;9;NG;NG;NG;NG;NG
1001532;6;6;NG;NG;NG;NG;7;7;6;5;7;6;8;7;7;NG;7;NG;5;NG;NG;NG;NG;6;5;5;NG;NG;NG;6
1001440;8;8;NG;NG;NG;NG;9;8;8;7;7;7;9;7;10;NG;8;NG;7;NG;NG;NG;NG;7;8;6;NG;NG;NG;8
1000498;6;7;NG;NG;NG;NG;7;7;NG;NG;NG;6;8;NG;NG;NG;NG;NG;NG;NG;NG;NG;NG;NG;7;NG;NG;NG;NG;NG
1002710;7;7;6;7;6;6;8;8;7;7;6;6;6;7;7;7;7;7;7;NG;6;5;NG;6;6;6;NG;7;8;7
1001030;7;9;NG;NG;NG;NG;9;9;NG;NG;NG;9;10;NG;NG;NG;NG;NG;NG;NG;NG;NG;NG;NG;6;NG;NG;NG;NG;NG
1001340;6;6;NG;NG;NG;NG;7;5;NG;NG;NG;6;8;NG;NG;NG;NG;NG;NG;NG;NG;NG;NG;NG;5;NG;NG;NG;NG;NG
1001865;9;9;NG;NG;NG;NG;9;9;8;7;9;8;8;7;9;NG;8;NG;8;NG;NG;NG;NG;7;8;8;NG;NG;NG;9
1001466;8;7;NG;NG;NG;NG;7;6;7;6;7;7;7;6;9;NG;8;NG;6;NG;NG;NG;NG;7;5;6;NG;NG;NG;7
1000490;7;7;NG;NG;NG;NG;6;6;NG;NG;NG;6;5;NG;NG;NG;NG;NG;NG;NG;NG;NG;NG;NG;NG;NG;NG;NG;NG;NG
1001777;7;8;NG;NG;NG;NG;8;8;8;NG;8;7;9;8;NG;NG;8;NG;7;NG;NG;NG;NG;7;7;6;NG;NG;NG;8
1000901;7;7;NG;NG;NG;NG;7;7;NG;NG;NG;7;5;NG;NG;NG;NG;NG;NG;NG;NG;NG;NG;NG;7;NG;NG;NG;NG;NG
1002759;10;8;8;9;8;9;10;8;8;8;7;8;7;8;8;7;8;9;8;NG;7;8;NG;8;8;8;NG;9;9;8
1001172;9;9;NG;NG;NG;NG;9;8;NG;NG;NG;7;8;NG;NG;NG;NG;NG;NG;NG;NG;NG;NG;NG;9;NG;NG;NG;NG;NG
1000509;9;9;NG;NG;NG;NG;8;8;NG;NG;NG;8;9;NG;NG;NG;NG;NG;NG;NG;NG;NG;NG;NG;7;NG;NG;NG;NG;NG
1000738;8;7;NG;NG;NG;NG;8;8;NG;NG;NG;6;6;NG;NG;NG;NG;NG;NG;NG;NG;NG;NG;NG;7;NG;NG;NG;NG;NG
1002565;6;6;6;NG;7;NG;8;8;7;7;7;7;9;7;8;NG;8;7;7;NG;NG;NG;NG;6;6;4;NG;NG;NG;7
1002207;9;7;NG;NG;NG;NG;9;9;8;9;7;7;6;7;8;NG;8;NG;8;NG;NG;NG;NG;6;8;7;NG;NG;NG;7
1002620;9;8;8;8;10;9;9;9;9;10;8;8;7;8;9;8;8;8;8;NG;7;9;NG;9;9;8;NG;8;7;8
1001432;7;6;NG;NG;NG;NG;8;8;6;7;5;6;6;6;7;NG;5;NG;8;NG;NG;NG;NG;6;7;7;NG;NG;NG;6
1001637;7;6;NG;NG;NG;NG;7;6;7;6;6;6;6;6;8;NG;7;NG;6;NG;NG;NG;NG;7;7;6;NG;NG;NG;7
1000230;8;8;NG;NG;NG;NG;7;8;NG;NG;NG;6;6;NG;NG;NG;NG;NG;NG;NG;NG;NG;NG;NG;7;NG;NG;NG;NG;NG
1000450;8;8;NG;NG;NG;NG;8;7;NG;NG;NG;9;8;NG;NG;NG;NG;NG;NG;NG;NG;NG;NG;NG;7;NG;NG;NG;NG;NG
1001950;7;7;NG;NG;NG;NG;6;6;8;7;7;6;6;6;7;NG;9;NG;6;NG;NG;NG;NG;6;6;4;NG;NG;NG;7
1000158;7;6;NG;NG;NG;NG;9;8;NG;NG;NG;5;7;NG;NG;NG;NG;NG;NG;NG;NG;NG;NG;NG;6;NG;NG;NG;NG;NG
1002279;8;8;8;8;7;9;9;10;9;8;9;10;10;8;9;10;9;9;8;NG;8;7;NG;9;7;7;NG;10;9;9
1002118;6;6;NG;NG;NG;NG;7;7;7;5;7;7;9;8;7;NG;7;NG;6;NG;NG;NG;NG;7;6;6;NG;NG;NG;7
1001908;6;6;NG;NG;NG;NG;8;7;7;7;6;5;6;6;7;NG;7;NG;6;NG;NG;NG;NG;6;6;7;NG;NG;NG;6
1001735;9;8;NG;NG;NG;NG;7;7;7;8;7;6;6;6;8;NG;8;NG;8;NG;NG;NG;NG;6;8;6;NG;NG;NG;7
1002062;8;9;NG;NG;NG;NG;9;9;9;8;9;8;9;8;9;NG;10;NG;9;NG;NG;NG;NG;9;8;7;NG;NG;NG;9
1001623;9;9;NG;NG;NG;NG;8;8;8;8;5;7;6;7;8;NG;7;NG;8;NG;NG;NG;NG;7;8;7;NG;NG;NG;6
1001840;7;7;NG;NG;NG;NG;7;7;7;8;6;7;6;6;7;NG;8;NG;6;NG;NG;NG;NG;6;7;6;NG;NG;NG;6
1002458;7;8;7;6;8;8;8;8;7;7;7;7;8;7;7;8;6;8;8;NG;7;7;NG;7;6;6;NG;8;6;7
1002146;7;7;NG;NG;NG;NG;8;8;9;7;7;8;7;6;8;NG;8;NG;7;NG;NG;NG;NG;7;7;6;NG;NG;NG;7
1000146;9;9;NG;NG;NG;NG;8;8;NG;NG;NG;8;9;NG;NG;NG;NG;NG;NG;NG;NG;NG;NG;NG;9;NG;NG;NG;NG;NG
1001700;9;7;NG;NG;NG;NG;9;8;8;7;8;7;8;8;9;NG;8;NG;8;NG;NG;NG;NG;6;8;6;NG;NG;NG;7
1000222;7;7;NG;NG;NG;NG;7;7;NG;NG;NG;7;7;NG;NG;NG;NG;NG;NG;NG;NG;NG;NG;NG;6;NG;NG;NG;NG;NG
1001231;7;6;NG;NG;NG;NG;8;9;NG;NG;NG;7;8;NG;NG;NG;NG;NG;NG;NG;NG;NG;NG;NG;4;NG;NG;NG;NG;NG
1002779;7;6;6;7;7;8;8;8;6;7;7;7;6;7;7;5;6;9;6;NG;6;7;NG;7;7;7;NG;8;7;6
1000936;7;7;NG;NG;NG;NG;7;6;NG;NG;NG;7;6;NG;NG;NG;NG;NG;NG;NG;NG;NG;NG;NG;6;NG;NG;NG;NG;NG
1001729;8;8;NG;NG;NG;NG;9;8;8;7;7;7;8;8;8;NG;8;NG;9;NG;NG;NG;NG;8;7;8;NG;NG;NG;7
1000811;8;7;NG;NG;NG;NG;8;8;NG;NG;NG;7;6;NG;NG;NG;NG;NG;NG;NG;NG;NG;NG;NG;6;NG;NG;NG;NG;NG
1001373;7;7;NG;NG;NG;NG;9;10;7;8;7;6;8;8;7;NG;7;NG;7;NG;NG;NG;NG;7;7;7;NG;NG;NG;7
1002499;8;8;9;8;8;8;9;8;8;8;9;8;9;9;8;9;9;9;8;NG;7;8;NG;8;8;7;NG;8;7;8
1002555;8;9;8;9;9;9;9;10;10;8;8;9;10;9;9;9;8;9;9;NG;7;9;NG;9;8;7;NG;10;8;9
1001313;9;9;NG;NG;NG;NG;8;7;NG;NG;NG;8;8;NG;NG;NG;NG;NG;NG;NG;NG;NG;NG;NG;9;NG;NG;NG;NG;NG
1000705;8;8;NG;NG;NG;NG;8;7;NG;NG;NG;6;6;NG;NG;NG;NG;NG;NG;NG;NG;NG;NG;NG;8;NG;NG;NG;NG;NG
1002191;9;9;NG;NG;NG;NG;8;7;7;8;8;8;8;8;8;NG;8;NG;7;NG;NG;NG;NG;7;7;8;NG;NG;NG;8
1000877;7;7;NG;NG;NG;NG;8;8;NG;NG;NG;6;7;NG;NG;NG;NG;NG;NG;NG;NG;NG;NG;NG;6;NG;NG;NG;NG;NG
1000867;7;8;NG;NG;NG;NG;9;7;NG;NG;NG;6;6;NG;NG;NG;NG;NG;NG;NG;NG;NG;NG;NG;7;NG;NG;NG;NG;NG
1000356;6;5;NG;NG;NG;NG;8;7;NG;NG;NG;5;7;NG;NG;NG;NG;NG;NG;NG;NG;NG;NG;NG;5;NG;NG;NG;NG;NG
1000466;9;10;NG;NG;NG;NG;8;8;NG;NG;NG;8;8;NG;NG;NG;NG;NG;NG;NG;NG;NG;NG;NG;9;NG;NG;NG;NG;NG
1001922;7;7;NG;NG;NG;NG;8;7;8;7;6;7;6;6;7;NG;9;NG;8;NG;NG;NG;NG;7;8;6;NG;NG;NG;6
1001159;8;7;NG;NG;NG;NG;8;7;NG;NG;NG;7;7;NG;NG;NG;NG;NG;NG;NG;NG;NG;NG;NG;6;NG;NG;NG;NG;NG
1002510;7;6;6;NG;NG;NG;7;7;5;6;5;4;5;6;NG;NG;4;6;6;NG;NG;NG;NG;5;6;6;NG;NG;NG;5
1001318;8;7;NG;NG;NG;NG;8;7;NG;NG;NG;7;7;NG;NG;NG;NG;NG;NG;NG;NG;NG;NG;NG;7;NG;NG;NG;NG;NG
1000245;8;7;NG;NG;NG;NG;8;7;NG;NG;NG;6;5;NG;NG;NG;NG;NG;NG;NG;NG;NG;NG;NG;8;NG;NG;NG;NG;NG
1002596;6;7;6;NG;6;NG;6;7;7;6;6;6;6;6;7;NG;9;7;6;NG;NG;NG;NG;7;6;4;NG;NG;NG;6
1002775;9;7;8;7;8;9;9;8;8;8;6;6;6;6;8;6;8;10;7;NG;7;8;NG;7;8;7;NG;7;7;7
1002683;8;8;8;7;7;6;8;8;8;7;8;8;8;8;8;7;8;8;8;NG;7;7;NG;8;6;6;NG;7;7;9
1001730;7;8;NG;NG;NG;NG;7;7;7;7;6;6;6;6;6;NG;7;NG;7;NG;NG;NG;NG;7;8;6;NG;NG;NG;6
1002577;7;7;6;6;6;6;8;7;6;8;6;6;6;6;7;6;7;7;7;NG;5;7;NG;6;7;7;NG;6;8;6
1000670;9;8;NG;NG;NG;NG;8;7;NG;NG;NG;8;6;NG;NG;NG;NG;NG;NG;NG;NG;NG;NG;NG;8;NG;NG;NG;NG;NG
1001330;9;8;NG;NG;NG;NG;8;9;NG;NG;NG;8;9;NG;NG;NG;NG;NG;NG;NG;NG;NG;NG;NG;7;NG;NG;NG;NG;NG
1001891;7;7;NG;NG;NG;NG;7;8;7;7;7;7;7;7;7;NG;7;NG;6;NG;NG;NG;NG;6;6;6;NG;NG;NG;7
1001676;8;8;NG;NG;NG;NG;9;7;8;7;NG;6;6;7;9;NG;7;NG;8;NG;NG;NG;NG;7;9;7;NG;NG;NG;7
1001534;8;8;NG;NG;NG;NG;7;8;8;9;8;7;7;7;9;NG;7;NG;8;NG;NG;NG;NG;7;7;7;NG;NG;NG;8
1001936;8;10;NG;NG;NG;NG;8;9;8;7;8;8;7;8;9;NG;10;NG;8;NG;NG;NG;NG;9;8;8;NG;NG;NG;10
1001622;7;8;NG;NG;NG;NG;8;8;9;7;8;7;8;8;8;NG;8;NG;7;NG;NG;NG;NG;7;7;6;NG;NG;NG;8
1002025;8;9;NG;NG;NG;NG;8;8;7;9;6;6;6;6;8;NG;7;NG;7;NG;NG;NG;NG;7;8;7;NG;NG;NG;6
1002181;8;8;NG;NG;NG;NG;7;7;8;8;7;7;7;7;7;NG;8;NG;8;NG;NG;NG;NG;7;7;7;NG;NG;NG;7
1002491;7;6;6;7;7;6;7;7;6;7;6;6;6;6;7;5;6;8;6;NG;6;7;NG;6;6;6;NG;6;6;6
1000444;7;8;NG;NG;NG;NG;7;7;NG;NG;NG;7;7;NG;NG;NG;NG;NG;NG;NG;NG;NG;NG;NG;8;NG;NG;NG;NG;NG
1001918;6;7;NG;NG;NG;NG;7;7;8;6;7;7;8;6;8;NG;8;NG;7;NG;NG;NG;NG;7;6;5;NG;NG;NG;8
1001267;7;7;NG;NG;NG;NG;8;9;NG;NG;NG;8;9;NG;NG;NG;NG;NG;NG;NG;NG;NG;NG;NG;6;NG;NG;NG;NG;NG
1000536;4;6;NG;NG;NG;NG;6;6;NG;NG;NG;6;7;NG;NG;NG;NG;NG;NG;NG;NG;NG;NG;NG;4;NG;NG;NG;NG;NG
1002767;8;9;8;9;8;7;9;9;8;9;7;7;8;8;9;8;7;10;9;NG;7;8;NG;8;8;7;NG;9;10;8
1001815;8;9;NG;NG;NG;NG;8;9;9;8;8;9;9;9;9;NG;10;NG;8;NG;NG;NG;NG;8;8;6;NG;NG;NG;9
1001041;7;7;NG;NG;NG;NG;7;7;NG;NG;NG;6;7;NG;NG;NG;NG;NG;NG;NG;NG;NG;NG;NG;6;NG;NG;NG;NG;NG
1000061;7;7;NG;NG;NG;NG;9;7;NG;NG;NG;8;10;NG;NG;NG;NG;NG;NG;NG;NG;NG;NG;NG;6;NG;NG;NG;NG;NG
1000091;8;8;NG;NG;NG;NG;8;9;NG;NG;NG;8;9;NG;NG;NG;NG;NG;NG;NG;NG;NG;NG;NG;7;NG;NG;NG;NG;NG
1001717;8;8;NG;NG;NG;NG;8;9;8;8;6;6;6;7;7;NG;6;NG;7;NG;NG;NG;NG;7;8;7;NG;NG;NG;7
1001169;9;8;NG;NG;NG;NG;8;9;NG;NG;NG;7;9;NG;NG;NG;NG;NG;NG;NG;NG;NG;NG;NG;7;NG;NG;NG;NG;NG
1000860;6;6;NG;NG;NG;NG;9;7;NG;NG;NG;7;6;NG;NG;NG;NG;NG;NG;NG;NG;NG;NG;NG;6;NG;NG;NG;NG;NG
1001715;7;8;NG;NG;NG;NG;8;8;7;7;8;8;8;8;10;NG;8;NG;7;NG;NG;NG;NG;8;6;6;NG;NG;NG;8
1001952;9;8;NG;NG;NG;NG;7;8;8;8;6;6;6;8;8;NG;8;NG;7;NG;NG;NG;NG;7;7;6;NG;NG;NG;7
1000971;6;6;NG;NG;NG;NG;6;6;NG;NG;NG;7;7;NG;NG;NG;NG;NG;NG;NG;NG;NG;NG;NG;5;NG;NG;NG;NG;NG
1001554;8;9;NG;NG;NG;NG;8;7;9;8;7;8;7;7;8;NG;9;NG;8;NG;NG;NG;NG;8;8;7;NG;NG;NG;8
1000747;6;6;NG;NG;NG;NG;9;7;NG;NG;NG;5;5;NG;NG;NG;NG;NG;NG;NG;NG;NG;NG;NG;7;NG;NG;NG;NG;NG
1002193;7;6;NG;NG;NG;NG;6;7;6;7;6;6;5;NG;8;NG;6;NG;6;NG;NG;NG;NG;7;6;6;NG;NG;NG;6
1002528;9;9;9;9;9;9;9;9;9;9;9;9;8;9;9;8;10;10;9;NG;8;9;NG;8;9;8;NG;9;7;10
1000654;6;7;NG;NG;NG;NG;8;8;NG;NG;NG;8;9;NG;NG;NG;NG;NG;NG;NG;NG;NG;NG;NG;5;NG;NG;NG;NG;NG
1002739;6;6;6;NG;6;NG;6;7;7;6;7;6;6;7;7;NG;8;7;7;NG;NG;NG;NG;6;6;5;NG;NG;NG;6
1000327;6;7;NG;NG;NG;NG;7;7;NG;NG;NG;7;7;NG;NG;NG;NG;NG;NG;NG;NG;NG;NG;NG;6;NG;NG;NG;NG;NG
1000736;6;6;NG;NG;NG;NG;6;6;NG;NG;NG;5;5;NG;NG;NG;NG;NG;NG;NG;NG;NG;NG;NG;5;NG;NG;NG;NG;NG
1002013;7;8;NG;NG;NG;NG;6;7;8;8;7;8;6;5;7;NG;8;NG;7;NG;NG;NG;NG;6;7;6;NG;NG;NG;7
1000420;9;9;NG;NG;NG;NG;9;9;NG;NG;NG;9;9;NG;NG;NG;NG;NG;NG;NG;NG;NG;NG;NG;9;NG;NG;NG;NG;NG
1002072;9;7;NG;NG;NG;NG;8;8;8;8;7;6;6;7;8;NG;8;NG;8;NG;NG;NG;NG;7;6;7;NG;NG;NG;6
1001779;8;7;NG;NG;NG;NG;8;8;7;7;7;6;7;NG;8;NG;8;NG;7;NG;NG;NG;NG;7;7;6;NG;NG;NG;7
1000469;7;6;NG;NG;NG;NG;7;6;NG;NG;NG;6;6;NG;NG;NG;NG;NG;NG;NG;NG;NG;NG;NG;5;NG;NG;NG;NG;NG
1002122;8;6;NG;NG;NG;NG;8;7;7;7;6;5;7;6;NG;NG;6;NG;6;NG;NG;NG;NG;6;6;6;NG;NG;NG;5
1001640;8;9;NG;NG;NG;NG;9;10;8;8;8;9;9;8;9;NG;8;NG;8;NG;NG;NG;NG;9;9;8;NG;NG;NG;8
1000725;9;8;NG;NG;NG;NG;9;8;NG;NG;NG;7;7;NG;NG;NG;NG;NG;NG;NG;NG;NG;NG;NG;9;NG;NG;NG;NG;NG
1000187;8;7;NG;NG;NG;NG;10;9;NG;NG;NG;7;8;NG;NG;NG;NG;NG;NG;NG;NG;NG;NG;NG;7;NG;NG;NG;NG;NG
1002312;8;7;7;7;7;7;9;9;6;8;7;6;9;7;8;6;6;8;7;NG;6;7;NG;6;6;7;NG;9;8;6
1002608;9;9;8;9;10;8;8;8;8;10;7;7;8;8;9;8;7;10;9;NG;7;9;NG;8;9;8;NG;8;8;8
1000587;7;7;NG;NG;NG;NG;7;7;NG;NG;NG;7;5;NG;NG;NG;NG;NG;NG;NG;NG;NG;NG;NG;6;NG;NG;NG;NG;NG
1001547;6;6;NG;NG;NG;NG;7;6;7;5;6;6;6;5;7;NG;7;NG;5;NG;NG;NG;NG;6;6;4;NG;NG;NG;7
1001334;5;6;NG;NG;NG;NG;7;7;NG;NG;NG;6;7;NG;NG;NG;NG;NG;NG;NG;NG;NG;NG;NG;5;NG;NG;NG;NG;NG
1000360;6;6;NG;NG;NG;NG;7;7;NG;NG;NG;5;7;NG;NG;NG;NG;NG;NG;NG;NG;NG;NG;NG;5;NG;NG;NG;NG;NG
1002299;8;8;7;7;8;7;7;8;8;8;7;8;7;8;8;7;9;9;7;NG;6;9;NG;8;8;7;NG;7;6;7
1001157;7;8;NG;NG;NG;NG;7;7;NG;NG;NG;6;5;NG;NG;NG;NG;NG;NG;NG;NG;NG;NG;NG;7;NG;NG;NG;NG;NG
1001091;7;8;NG;NG;NG;NG;9;9;NG;NG;NG;7;9;NG;NG;NG;NG;NG;NG;NG;NG;NG;NG;NG;7;NG;NG;NG;NG;NG
1001642;8;8;NG;NG;NG;NG;10;9;9;8;9;9;9;8;9;NG;9;NG;7;NG;NG;NG;NG;8;8;7;NG;NG;NG;9
1001915;9;8;NG;NG;NG;NG;8;8;7;8;7;7;7;7;8;NG;7;NG;9;NG;NG;NG;NG;8;7;8;NG;NG;NG;8
1001284;7;7;NG;NG;NG;NG;7;8;NG;NG;NG;8;9;NG;NG;NG;NG;NG;NG;NG;NG;NG;NG;NG;6;NG;NG;NG;NG;NG
1002816;6;8;8;8;6;6;7;6;8;8;7;8;7;7;8;8;8;7;7;NG;6;6;NG;7;7;7;NG;7;6;8
1002742;8;7;7;8;9;8;8;10;7;8;7;6;8;8;8;8;6;9;8;NG;8;8;NG;6;8;8;NG;10;9;7
1001109;8;8;NG;NG;NG;NG;9;9;NG;NG;NG;7;7;NG;NG;NG;NG;NG;NG;NG;NG;NG;NG;NG;7;NG;NG;NG;NG;NG
1002550;6;6;6;NG;6;NG;7;6;6;6;5;6;6;6;6;NG;5;6;6;NG;NG;NG;NG;5;6;5;NG;NG;NG;6
1000043;9;8;NG;NG;NG;NG;8;9;NG;NG;NG;9;8;NG;NG;NG;NG;NG;NG;NG;NG;NG;NG;NG;8;NG;NG;NG;NG;NG
1000054;7;6;NG;NG;NG;NG;7;6;NG;NG;NG;6;6;NG;NG;NG;NG;NG;NG;NG;NG;NG;NG;NG;7;NG;NG;NG;NG;NG
1001184;8;9;NG;NG;NG;NG;7;7;NG;NG;NG;8;7;NG;NG;NG;NG;NG;NG;NG;NG;NG;NG;NG;7;NG;NG;NG;NG;NG
1002222;9;9;NG;NG;NG;NG;8;8;8;8;8;8;6;7;8;NG;8;NG;8;NG;NG;NG;NG;8;9;8;NG;NG;NG;7
1001682;9;8;NG;NG;NG;NG;9;10;8;8;7;7;7;8;7;NG;9;NG;8;NG;NG;NG;NG;8;8;9;NG;NG;NG;8
1002450;7;7;7;7;7;7;8;7;7;6;7;8;7;6;7;7;9;7;6;NG;5;5;NG;6;6;6;NG;7;5;8
1002329;8;8;8;8;7;7;9;8;8;8;8;7;8;8;7;9;8;8;7;NG;8;7;NG;7;7;7;NG;9;8;8
1000476;8;8;NG;NG;NG;NG;8;7;NG;NG;NG;7;8;NG;NG;NG;NG;NG;NG;NG;NG;NG;NG;NG;7;NG;NG;NG;NG;NG
1001742;6;7;NG;NG;NG;NG;7;7;6;7;6;6;7;7;7;NG;8;NG;7;NG;NG;NG;NG;6;5;6;NG;NG;NG;7
1001847;6;6;NG;NG;NG;NG;8;7;6;5;6;4;5;6;6;NG;4;NG;6;NG;NG;NG;NG;5;6;5;NG;NG;NG;6
1002629;7;8;7;7;6;7;7;7;7;6;6;6;7;7;7;6;7;7;7;NG;7;6;NG;6;6;6;NG;7;8;6
1002665;7;7;6;6;6;5;6;6;7;7;6;6;6;6;7;6;7;8;7;NG;6;5;NG;6;6;6;NG;6;6;7
1000232;6;7;NG;NG;NG;NG;7;7;NG;NG;NG;6;7;NG;NG;NG;NG;NG;NG;NG;NG;NG;NG;NG;6;NG;NG;NG;NG;NG
1000880;7;7;NG;NG;NG;NG;6;7;NG;NG;NG;5;4;NG;NG;NG;NG;NG;NG;NG;NG;NG;NG;NG;7;NG;NG;NG;NG;NG
1002811;6;7;7;6;6;6;7;7;6;6;7;6;6;6;7;6;7;7;6;NG;6;6;NG;7;6;6;NG;6;6;7
1002311;6;6;6;7;6;6;8;7;6;6;6;6;6;7;7;7;6;7;6;NG;5;6;NG;6;7;6;NG;7;7;6
1000251;8;9;NG;NG;NG;NG;9;9;NG;NG;NG;8;8;NG;NG;NG;NG;NG;NG;NG;NG;NG;NG;NG;8;NG;NG;NG;NG;NG
1002044;8;8;NG;NG;NG;NG;9;9;7;8;9;8;9;9;8;NG;9;NG;8;NG;NG;NG;NG;7;8;6;NG;NG;NG;8
1001278;6;6;NG;NG;NG;NG;7;7;NG;NG;NG;4;6;NG;NG;NG;NG;NG;NG;NG;NG;NG;NG;NG;7;NG;NG;NG;NG;NG
1001675;6;5;NG;NG;NG;NG;6;8;6;6;6;5;6;6;NG;NG;5;NG;6;NG;NG;NG;NG;5;6;5;NG;NG;NG;5
1000189;10;8;NG;NG;NG;NG;9;9;NG;NG;NG;9;8;NG;NG;NG;NG;NG;NG;NG;NG;NG;NG;NG;8;NG;NG;NG;NG;NG
1002793;9;8;8;8;8;8;9;9;7;9;8;7;8;8;8;9;7;8;8;NG;7;8;NG;8;8;8;NG;9;9;7
1000991;6;5;NG;NG;NG;NG;5;6;NG;NG;NG;5;5;NG;NG;NG;NG;NG;NG;NG;NG;NG;NG;NG;5;NG;NG;NG;NG;NG
1001085;8;8;NG;NG;NG;NG;9;8;NG;NG;NG;9;NG;NG;NG;NG;NG;NG;NG;NG;NG;NG;NG;NG;6;NG;NG;NG;NG;NG
1002082;7;7;NG;NG;NG;NG;7;6;6;7;6;6;7;5;7;NG;6;NG;7;NG;NG;NG;NG;6;6;6;NG;NG;NG;6
1000460;7;6;NG;NG;NG;NG;7;7;NG;NG;NG;5;4;NG;NG;NG;NG;NG;NG;NG;NG;NG;NG;NG;6;NG;NG;NG;NG;NG
1000874;6;7;NG;NG;NG;NG;5;6;NG;NG;NG;6;5;NG;NG;NG;NG;NG;NG;NG;NG;NG;NG;NG;6;NG;NG;NG;NG;NG
1001911;10;9;NG;NG;NG;NG;9;9;9;10;8;8;7;8;10;NG;9;NG;9;NG;NG;NG;NG;9;10;9;NG;NG;NG;7
1000310;8;9;NG;NG;NG;NG;8;8;NG;NG;NG;8;7;NG;NG;NG;NG;NG;NG;NG;NG;NG;NG;NG;7;NG;NG;NG;NG;NG
1000391;7;8;NG;NG;NG;NG;8;6;NG;NG;NG;6;5;NG;NG;NG;NG;NG;NG;NG;NG;NG;NG;NG;8;NG;NG;NG;NG;NG
1000501;8;9;NG;NG;NG;NG;9;9;NG;NG;NG;7;8;NG;NG;NG;NG;NG;NG;NG;NG;NG;NG;NG;8;NG;NG;NG;NG;NG
1002750;8;8;9;8;9;8;9;10;8;9;9;8;10;9;9;10;10;8;8;NG;7;7;NG;8;9;8;NG;10;9;9
1001457;9;9;NG;NG;NG;NG;9;8;9;9;7;7;8;7;9;NG;9;NG;9;NG;NG;NG;NG;8;8;8;NG;NG;NG;8
1000623;7;7;NG;NG;NG;NG;7;9;NG;NG;NG;8;9;NG;NG;NG;NG;NG;NG;NG;NG;NG;NG;NG;NG;NG;NG;NG;NG;NG
1001336;6;7;NG;NG;NG;NG;7;9;NG;NG;NG;7;7;NG;NG;NG;NG;NG;NG;NG;NG;NG;NG;NG;6;NG;NG;NG;NG;NG
1001648;9;10;NG;NG;NG;NG;10;9;10;8;9;9;9;10;9;NG;10;NG;8;NG;NG;NG;NG;8;8;8;NG;NG;NG;8
1002197;8;7;NG;NG;NG;NG;9;8;7;7;8;6;8;8;8;NG;7;NG;7;NG;NG;NG;NG;6;6;6;NG;NG;NG;8
1002659;7;6;7;8;7;6;9;8;7;7;6;6;8;7;8;7;6;8;7;NG;7;5;NG;6;7;6;NG;9;9;7
1001344;8;8;NG;NG;NG;NG;10;9;NG;NG;NG;7;8;NG;NG;NG;NG;NG;NG;NG;NG;NG;NG;NG;8;NG;NG;NG;NG;NG
1000326;6;7;NG;NG;NG;NG;6;6;NG;NG;NG;7;6;NG;NG;NG;NG;NG;NG;NG;NG;NG;NG;NG;6;NG;NG;NG;NG;NG
1000141;8;8;NG;NG;NG;NG;8;7;NG;NG;NG;7;6;NG;NG;NG;NG;NG;NG;NG;NG;NG;NG;NG;8;NG;NG;NG;NG;NG
1001818;6;6;NG;NG;NG;NG;6;6;7;5;6;6;6;5;6;NG;7;NG;6;NG;NG;NG;NG;6;5;5;NG;NG;NG;6
1001940;8;8;NG;NG;NG;NG;8;8;9;8;8;8;8;8;9;NG;9;NG;8;NG;NG;NG;NG;8;7;6;NG;NG;NG;8
1000672;7;7;NG;NG;NG;NG;7;8;NG;NG;NG;6;7;NG;NG;NG;NG;NG;NG;NG;NG;NG;NG;NG;6;NG;NG;NG;NG;NG
1001023;7;8;NG;NG;NG;NG;8;8;NG;NG;NG;8;7;NG;NG;NG;NG;NG;NG;NG;NG;NG;NG;NG;6;NG;NG;NG;NG;NG
1002406;6;7;6;7;7;7;8;8;7;7;7;6;6;6;8;7;6;8;7;NG;6;7;NG;7;7;6;NG;8;7;7
1001846;9;8;NG;NG;NG;NG;8;7;8;8;7;6;6;7;8;NG;8;NG;8;NG;NG;NG;NG;8;7;7;NG;NG;NG;6
1002066;9;8;NG;NG;NG;NG;8;8;9;8;7;8;7;7;8;NG;8;NG;8;NG;NG;NG;NG;8;8;7;NG;NG;NG;8
1000728;6;6;NG;NG;NG;NG;8;8;NG;NG;NG;6;7;NG;NG;NG;NG;NG;NG;NG;NG;NG;NG;NG;6;NG;NG;NG;NG;NG
1001219;7;8;NG;NG;NG;NG;7;7;NG;NG;NG;7;7;NG;NG;NG;NG;NG;NG;NG;NG;NG;NG;NG;7;NG;NG;NG;NG;NG
1001516;6;7;NG;NG;NG;NG;7;6;7;7;6;6;5;6;7;NG;7;NG;6;NG;NG;NG;NG;5;7;6;NG;NG;NG;6
1002585;9;9;9;8;9;8;10;9;9;8;10;8;10;7;9;10;10;10;9;NG;7;8;NG;8;8;8;NG;9;8;9
1002752;7;7;8;7;6;7;7;8;7;7;7;6;7;6;7;7;6;8;7;NG;6;6;NG;7;7;6;NG;7;6;7
1002282;9;8;7;9;8;8;7;8;8;8;7;9;7;7;10;6;8;8;8;NG;7;8;NG;8;6;7;NG;8;8;8
1001703;8;8;NG;NG;NG;NG;9;9;8;7;8;7;8;8;8;NG;8;NG;8;NG;NG;NG;NG;8;7;8;NG;NG;NG;8
1002516;7;8;8;8;6;6;7;7;7;7;8;7;7;7;9;7;9;7;6;NG;5;6;NG;6;6;6;NG;7;7;8
1001051;7;8;NG;NG;NG;NG;7;7;NG;NG;NG;7;6;NG;NG;NG;NG;NG;NG;NG;NG;NG;NG;NG;6;NG;NG;NG;NG;NG
1002052;6;6;NG;NG;NG;NG;6;6;7;6;7;6;6;6;7;NG;8;NG;5;NG;NG;NG;NG;6;5;4;NG;NG;NG;6
1002591;7;7;7;7;7;7;8;7;8;7;6;7;7;6;7;6;8;7;7;NG;6;5;NG;7;7;6;NG;7;7;7
1002734;6;6;6;NG;7;NG;7;7;6;6;6;6;6;6;6;NG;6;8;7;NG;NG;NG;NG;5;6;6;NG;NG;NG;6
1001582;8;7;NG;NG;NG;NG;8;9;6;8;6;7;6;8;8;NG;9;NG;7;NG;NG;NG;NG;7;8;7;NG;NG;NG;8
1001407;6;6;NG;NG;NG;NG;8;8;6;6;7;6;8;8;7;NG;6;NG;7;NG;NG;NG;NG;5;6;5;NG;NG;NG;7
1000768;7;7;NG;NG;NG;NG;8;7;NG;NG;NG;6;7;NG;NG;NG;NG;NG;NG;NG;NG;NG;NG;NG;6;NG;NG;NG;NG;NG
1001309;6;6;NG;NG;NG;NG;7;7;NG;NG;NG;6;9;NG;NG;NG;NG;NG;NG;NG;NG;NG;NG;NG;5;NG;NG;NG;NG;NG
1002723;8;7;7;7;8;7;8;7;8;8;6;6;6;7;7;6;8;8;7;NG;7;NG;NG;7;7;7;NG;7;8;6
1000923;8;8;NG;NG;NG;NG;8;9;NG;NG;NG;5;7;NG;NG;NG;NG;NG;NG;NG;NG;NG;NG;NG;8;NG;NG;NG;NG;NG
1000496;8;6;NG;NG;NG;NG;8;7;NG;NG;NG;NG;6;NG;NG;NG;NG;NG;NG;NG;NG;NG;NG;NG;6;NG;NG;NG;NG;NG
1001403;8;7;NG;NG;NG;NG;8;8;7;8;7;7;7;8;9;NG;7;NG;6;NG;NG;NG;NG;7;6;6;NG;NG;NG;7
1002534;8;7;7;8;8;6;8;8;8;8;6;7;7;8;8;7;7;10;7;NG;6;7;NG;6;7;8;NG;7;8;6
1001693;7;6;NG;NG;NG;NG;8;8;7;6;7;7;7;7;8;NG;7;NG;6;NG;NG;NG;NG;7;6;6;NG;NG;NG;6
1002484;7;7;7;7;6;6;7;7;6;6;6;7;7;7;8;7;7;7;7;NG;6;6;NG;6;6;6;NG;8;8;7
1000324;9;8;NG;NG;NG;NG;8;8;NG;NG;NG;7;7;NG;NG;NG;NG;NG;NG;NG;NG;NG;NG;NG;7;NG;NG;NG;NG;NG
1002086;6;6;NG;NG;NG;NG;7;7;5;7;5;4;6;6;6;NG;5;NG;6;NG;NG;NG;NG;4;6;6;NG;NG;NG;6
1002654;9;8;7;8;8;7;9;9;8;8;7;6;7;8;8;7;8;8;8;NG;8;8;NG;7;9;8;NG;9;7;6
1001852;8;7;NG;NG;NG;NG;7;8;7;6;7;7;7;8;8;NG;9;NG;7;NG;NG;NG;NG;6;6;6;NG;NG;NG;8
1001944;8;9;NG;NG;NG;NG;10;10;9;7;9;8;9;9;10;NG;9;NG;9;NG;NG;NG;NG;9;8;8;NG;NG;NG;8
1000442;10;10;NG;NG;NG;NG;9;10;NG;NG;NG;9;9;NG;NG;NG;NG;NG;NG;NG;NG;NG;NG;NG;9;NG;NG;NG;NG;NG
1002023;6;6;NG;NG;NG;NG;7;6;5;6;5;6;5;6;NG;NG;6;NG;6;NG;NG;NG;NG;5;6;6;NG;NG;NG;5
1000995;6;6;NG;NG;NG;NG;6;8;NG;NG;NG;5;7;NG;NG;NG;NG;NG;NG;NG;NG;NG;NG;NG;7;NG;NG;NG;NG;NG
1000662;5;6;NG;NG;NG;NG;7;8;NG;NG;NG;7;7;NG;NG;NG;NG;NG;NG;NG;NG;NG;NG;NG;4;NG;NG;NG;NG;NG
1001809;9;9;NG;NG;NG;NG;8;8;9;9;8;8;8;8;9;NG;NG;NG;8;NG;NG;NG;NG;8;9;9;NG;NG;NG;8
1001208;9;7;NG;NG;NG;NG;10;9;NG;NG;NG;7;8;NG;NG;NG;NG;NG;NG;NG;NG;NG;NG;NG;8;NG;NG;NG;NG;NG
1001627;9;9;NG;NG;NG;NG;9;8;9;9;8;9;9;7;9;NG;10;NG;9;NG;NG;NG;NG;9;10;9;NG;NG;NG;9
1002713;7;7;7;7;7;6;7;7;7;6;7;8;8;7;8;7;8;8;6;NG;6;7;NG;8;6;6;NG;7;7;7
1001364;7;8;NG;NG;NG;NG;9;9;7;7;10;9;9;8;8;NG;9;NG;7;NG;NG;NG;NG;8;7;7;NG;NG;NG;8
1002402;7;7;6;6;6;6;7;6;7;7;6;6;6;7;7;7;7;8;6;NG;7;6;NG;6;6;6;NG;7;7;7
1000816;8;8;NG;NG;NG;NG;9;10;NG;NG;NG;8;9;NG;NG;NG;NG;NG;NG;NG;NG;NG;NG;NG;7;NG;NG;NG;NG;NG
1000228;7;8;NG;NG;NG;NG;8;7;NG;NG;NG;6;7;NG;NG;NG;NG;NG;NG;NG;NG;NG;NG;NG;8;NG;NG;NG;NG;NG
1000162;7;7;NG;NG;NG;NG;8;7;NG;NG;NG;6;7;NG;NG;NG;NG;NG;NG;NG;NG;NG;NG;NG;6;NG;NG;NG;NG;NG
1001524;8;9;NG;NG;NG;NG;9;9;7;8;6;6;7;7;9;NG;7;NG;8;NG;NG;NG;NG;8;8;7;NG;NG;NG;7
1001931;8;6;NG;NG;NG;NG;8;6;8;7;5;5;6;6;8;NG;7;NG;8;NG;NG;NG;NG;6;8;7;NG;NG;NG;6
1002050;8;9;NG;NG;NG;NG;10;10;9;9;8;8;9;8;8;NG;10;NG;8;NG;NG;NG;NG;9;8;8;NG;NG;NG;8
1001593;8;8;NG;NG;NG;NG;8;8;8;9;7;9;7;7;7;NG;9;NG;8;NG;NG;NG;NG;8;8;7;NG;NG;NG;6
1001589;7;6;NG;NG;NG;NG;7;8;7;6;6;7;7;7;7;NG;7;NG;7;NG;NG;NG;NG;7;7;7;NG;NG;NG;7
1000165;6;8;NG;NG;NG;NG;7;7;NG;NG;NG;8;8;NG;NG;NG;NG;NG;NG;NG;NG;NG;NG;NG;6;NG;NG;NG;NG;NG
1002866;8;9;9;8;10;10;10;9;9;9;9;8;10;8;9;8;9;9;8;NG;9;8;NG;8;7;8;NG;NG;9;8
1002570;7;8;7;NG;6;NG;6;6;7;6;7;6;6;7;7;NG;7;7;6;NG;NG;NG;NG;6;6;5;NG;NG;NG;7
1002153;6;7;NG;NG;NG;NG;7;7;7;6;8;6;8;7;8;NG;7;NG;6;NG;NG;NG;NG;6;6;6;NG;NG;NG;7
1000996;6;7;NG;NG;NG;NG;6;6;NG;NG;NG;NG;6;NG;NG;NG;NG;NG;NG;NG;NG;NG;NG;NG;6;NG;NG;NG;NG;NG
1002316;7;7;7;7;8;7;8;7;7;8;8;7;8;7;8;7;8;8;7;NG;7;7;NG;7;8;6;NG;8;6;7
1002075;7;6;NG;NG;NG;NG;6;6;6;7;5;5;6;7;NG;NG;6;NG;6;NG;NG;NG;NG;6;7;7;NG;NG;NG;5
1001993;7;7;NG;NG;NG;NG;7;7;7;7;5;6;6;7;8;NG;6;NG;7;NG;NG;NG;NG;6;8;7;NG;NG;NG;6
1002262;9;8;8;9;7;7;9;8;8;8;7;6;7;8;8;7;8;9;8;NG;7;7;NG;8;8;9;NG;8;8;8
1000935;8;6;NG;NG;NG;NG;7;7;NG;NG;NG;4;5;NG;NG;NG;NG;NG;NG;NG;NG;NG;NG;NG;8;NG;NG;NG;NG;NG
1002789;7;6;6;NG;6;NG;7;6;6;7;7;5;6;8;7;NG;6;7;6;NG;NG;NG;NG;6;6;5;NG;NG;NG;6
1000248;8;8;NG;NG;NG;NG;7;8;NG;NG;NG;6;5;NG;NG;NG;NG;NG;NG;NG;NG;NG;NG;NG;8;NG;NG;NG;NG;NG
1001878;8;7;NG;NG;NG;NG;8;8;7;7;6;6;6;7;8;NG;6;NG;8;NG;NG;NG;NG;6;7;7;NG;NG;NG;6
1001580;7;8;NG;NG;NG;NG;7;8;7;7;8;7;8;7;8;NG;7;NG;7;NG;NG;NG;NG;7;6;7;NG;NG;NG;8
1001761;7;8;NG;NG;NG;NG;10;10;8;8;8;7;9;8;8;NG;8;NG;8;NG;NG;NG;NG;6;7;8;NG;NG;NG;7
1000644;6;6;NG;NG;NG;NG;7;7;NG;NG;NG;5;5;NG;NG;NG;NG;NG;NG;NG;NG;NG;NG;NG;7;NG;NG;NG;NG;NG
1001005;6;5;NG;NG;NG;NG;7;7;NG;NG;NG;6;6;NG;NG;NG;NG;NG;NG;NG;NG;NG;NG;NG;6;NG;NG;NG;NG;NG
1000550;7;8;NG;NG;NG;NG;8;8;NG;NG;NG;7;7;NG;NG;NG;NG;NG;NG;NG;NG;NG;NG;NG;7;NG;NG;NG;NG;NG
1002165;8;7;NG;NG;NG;NG;8;7;8;8;6;6;6;7;8;NG;7;NG;8;NG;NG;NG;NG;7;7;7;NG;NG;NG;7
1002432;6;6;7;7;7;6;8;7;6;7;6;6;6;7;6;7;6;7;7;NG;6;6;NG;6;7;6;NG;7;8;7
1001448;6;5;NG;NG;NG;NG;7;7;4;6;6;4;4;7;NG;NG;5;NG;6;NG;NG;NG;NG;4;6;6;NG;NG;NG;5
1002321;7;7;7;7;6;7;8;8;7;7;7;6;8;7;7;8;7;8;7;NG;7;6;NG;6;7;7;NG;9;7;7
1000316;7;9;NG;NG;NG;NG;8;8;NG;NG;NG;8;9;NG;NG;NG;NG;NG;NG;NG;NG;NG;NG;NG;6;NG;NG;NG;NG;NG
1002196;7;6;NG;NG;NG;NG;7;6;7;7;4;4;5;6;NG;NG;6;NG;5;NG;NG;NG;NG;6;6;6;NG;NG;NG;4
1000634;8;7;NG;NG;NG;NG;8;7;NG;NG;NG;7;6;NG;NG;NG;NG;NG;NG;NG;NG;NG;NG;NG;7;NG;NG;NG;NG;NG
1001933;7;7;NG;NG;NG;NG;8;8;9;7;8;8;6;7;9;NG;9;NG;7;NG;NG;NG;NG;7;7;6;NG;NG;NG;8
1002220;7;6;NG;NG;NG;NG;7;6;6;7;5;6;6;6;6;NG;7;NG;5;NG;NG;NG;NG;6;6;5;NG;NG;NG;7
1001560;6;7;NG;NG;NG;NG;8;8;6;6;7;6;8;7;7;NG;8;NG;6;NG;NG;NG;NG;6;6;6;NG;NG;NG;8
1001884;6;6;NG;NG;NG;NG;7;7;6;5;NG;6;6;6;7;NG;7;NG;6;NG;NG;NG;NG;5;3;4;NG;NG;NG;6
1000168;5;7;NG;NG;NG;NG;7;8;NG;NG;NG;6;7;NG;NG;NG;NG;NG;NG;NG;NG;NG;NG;NG;5;NG;NG;NG;NG;NG
1002805;7;7;8;7;7;6;7;9;7;7;7;8;6;7;8;8;9;8;7;NG;6;6;NG;6;8;6;NG;8;6;7
1001632;7;7;NG;NG;NG;NG;7;6;7;7;NG;4;4;6;NG;NG;6;NG;7;NG;NG;NG;NG;6;8;7;NG;NG;NG;5
1000658;7;6;NG;NG;NG;NG;8;7;NG;NG;NG;6;6;NG;NG;NG;NG;NG;NG;NG;NG;NG;NG;NG;6;NG;NG;NG;NG;NG
1002574;7;7;8;7;6;6;7;8;7;7;8;7;7;8;7;9;7;7;8;NG;5;6;NG;6;6;7;NG;7;7;8
1001414;7;8;NG;NG;NG;NG;8;9;8;8;8;7;8;8;9;NG;8;NG;7;NG;NG;NG;NG;7;7;6;NG;NG;NG;9
1002419;8;7;7;8;8;7;9;9;6;8;7;6;8;7;8;8;7;9;8;NG;7;7;NG;7;6;8;NG;8;9;6
1000785;8;6;NG;NG;NG;NG;8;7;NG;NG;NG;5;6;NG;NG;NG;NG;NG;NG;NG;NG;NG;NG;NG;6;NG;NG;NG;NG;NG
1000186;7;8;NG;NG;NG;NG;7;8;NG;NG;NG;7;7;NG;NG;NG;NG;NG;NG;NG;NG;NG;NG;NG;7;NG;NG;NG;NG;NG
1000365;6;7;NG;NG;NG;NG;8;NG;NG;NG;NG;7;9;NG;NG;NG;NG;NG;NG;NG;NG;NG;NG;NG;7;NG;NG;NG;NG;NG
1000063;6;6;NG;NG;NG;NG;8;8;NG;NG;NG;6;7;NG;NG;NG;NG;NG;NG;NG;NG;NG;NG;NG;5;NG;NG;NG;NG;NG
1000397;8;8;NG;NG;NG;NG;9;6;NG;NG;NG;6;5;NG;NG;NG;NG;NG;NG;NG;NG;NG;NG;NG;8;NG;NG;NG;NG;NG
1001088;7;6;NG;NG;NG;NG;7;6;NG;NG;NG;6;5;NG;NG;NG;NG;NG;NG;NG;NG;NG;NG;NG;6;NG;NG;NG;NG;NG
1002318;7;7;7;8;6;6;8;9;6;8;7;6;7;8;7;7;8;8;7;NG;7;7;NG;6;7;7;NG;7;8;6
1001013;7;6;NG;NG;NG;NG;8;NG;NG;NG;NG;5;7;NG;NG;NG;NG;NG;NG;NG;NG;NG;NG;NG;6;NG;NG;NG;NG;NG
1000381;8;9;NG;NG;NG;NG;10;8;NG;NG;NG;9;8;NG;NG;NG;NG;NG;NG;NG;NG;NG;NG;NG;7;NG;NG;NG;NG;NG
1002142;8;9;NG;NG;NG;NG;8;8;8;8;7;8;8;7;10;NG;9;NG;8;NG;NG;NG;NG;7;8;7;NG;NG;NG;8
1000350;8;7;NG;NG;NG;NG;7;6;NG;NG;NG;6;5;NG;NG;NG;NG;NG;NG;NG;NG;NG;NG;NG;7;NG;NG;NG;NG;NG
1000737;6;6;NG;NG;NG;NG;8;6;NG;NG;NG;4;6;NG;NG;NG;NG;NG;NG;NG;NG;NG;NG;NG;6;NG;NG;NG;NG;NG
1001249;8;NG;NG;NG;NG;NG;8;9;NG;NG;NG;8;8;NG;NG;NG;NG;NG;NG;NG;NG;NG;NG;NG;8;NG;NG;NG;NG;NG
1001783;9;8;NG;NG;NG;NG;8;8;8;9;6;6;6;7;8;NG;7;NG;9;NG;NG;NG;NG;8;9;8;NG;NG;NG;7
1000829;8;8;NG;NG;NG;NG;9;9;NG;NG;NG;7;8;NG;NG;NG;NG;NG;NG;NG;NG;NG;NG;NG;7;NG;NG;NG;NG;NG
1000678;5;5;NG;NG;NG;NG;7;7;NG;NG;NG;6;7;NG;NG;NG;NG;NG;NG;NG;NG;NG;NG;NG;5;NG;NG;NG;NG;NG
1002116;6;7;NG;NG;NG;NG;8;8;7;6;8;8;8;8;7;NG;8;NG;7;NG;NG;NG;NG;7;6;6;NG;NG;NG;7
1000772;8;7;NG;NG;NG;NG;8;9;NG;NG;NG;7;8;NG;NG;NG;NG;NG;NG;NG;NG;NG;NG;NG;7;NG;NG;NG;NG;NG
1000993;8;8;NG;NG;NG;NG;7;6;NG;NG;NG;7;7;NG;NG;NG;NG;NG;NG;NG;NG;NG;NG;NG;7;NG;NG;NG;NG;NG
1000306;6;6;NG;NG;NG;NG;7;6;NG;NG;NG;4;6;NG;NG;NG;NG;NG;NG;NG;NG;NG;NG;NG;5;NG;NG;NG;NG;NG
1000598;8;8;NG;NG;NG;NG;9;10;NG;NG;NG;4;7;NG;NG;NG;NG;NG;NG;NG;NG;NG;NG;NG;7;NG;NG;NG;NG;NG
1001287;7;8;NG;NG;NG;NG;9;8;NG;NG;NG;6;7;NG;NG;NG;NG;NG;NG;NG;NG;NG;NG;NG;8;NG;NG;NG;NG;NG
1002535;8;8;6;7;7;7;8;7;6;9;5;6;6;6;7;6;7;8;7;NG;6;8;NG;6;7;7;NG;7;7;6
1001320;9;9;NG;NG;NG;NG;8;8;NG;NG;NG;8;9;NG;NG;NG;NG;NG;NG;NG;NG;NG;NG;NG;8;NG;NG;NG;NG;NG
1002270;7;9;7;7;7;8;8;9;8;9;8;7;7;8;8;7;9;8;8;NG;7;7;NG;6;8;7;NG;8;8;7
1002243;9;8;NG;NG;NG;NG;8;9;9;9;7;8;7;8;8;NG;9;NG;8;NG;NG;NG;NG;8;8;8;NG;NG;NG;8
1001927;7;8;NG;NG;NG;NG;6;7;8;6;6;7;7;7;8;NG;8;NG;6;NG;NG;NG;NG;7;7;5;NG;NG;NG;7
1002230;7;6;NG;NG;NG;NG;8;6;6;8;6;5;7;6;NG;NG;6;NG;8;NG;NG;NG;NG;7;7;7;NG;NG;NG;5
1001139;8;9;NG;NG;NG;NG;8;7;NG;NG;NG;6;6;NG;NG;NG;NG;NG;NG;NG;NG;NG;NG;NG;8;NG;NG;NG;NG;NG
1000154;10;9;NG;NG;NG;NG;10;9;NG;NG;NG;8;8;NG;NG;NG;NG;NG;NG;NG;NG;NG;NG;NG;10;NG;NG;NG;NG;NG
1002395;8;9;8;8;8;8;8;9;8;8;6;8;6;8;8;7;8;9;8;NG;7;7;NG;7;9;8;NG;7;7;8
1001378;7;6;NG;NG;NG;NG;6;6;7;5;7;6;7;7;6;NG;7;NG;6;NG;NG;NG;NG;6;4;5;NG;NG;NG;6
1001193;6;5;NG;NG;NG;NG;6;7;NG;NG;NG;5;6;NG;NG;NG;NG;NG;NG;NG;NG;NG;NG;NG;4;NG;NG;NG;NG;NG
1001966;8;7;NG;NG;NG;NG;9;8;7;8;6;6;7;8;8;NG;6;NG;7;NG;NG;NG;NG;6;7;7;NG;NG;NG;6
1002186;6;6;NG;NG;NG;NG;8;8;7;6;8;7;7;7;7;NG;7;NG;6;NG;NG;NG;NG;6;7;6;NG;NG;NG;7
1001154;7;7;NG;NG;NG;NG;8;9;NG;NG;NG;6;8;NG;NG;NG;NG;NG;NG;NG;NG;NG;NG;NG;7;NG;NG;NG;NG;NG
1001775;6;6;NG;NG;NG;NG;6;6;5;6;5;4;6;5;NG;NG;6;NG;5;NG;NG;NG;NG;4;6;5;NG;NG;NG;5
1001101;5;6;NG;NG;NG;NG;6;6;NG;NG;NG;5;6;NG;NG;NG;NG;NG;NG;NG;NG;NG;NG;NG;5;NG;NG;NG;NG;NG
1000778;7;5;NG;NG;NG;NG;8;7;NG;NG;NG;5;7;NG;NG;NG;NG;NG;NG;NG;NG;NG;NG;NG;6;NG;NG;NG;NG;NG
1000256;8;7;NG;NG;NG;NG;9;8;NG;NG;NG;7;7;NG;NG;NG;NG;NG;NG;NG;NG;NG;NG;NG;7;NG;NG;NG;NG;NG
1000924;9;8;NG;NG;NG;NG;8;8;NG;NG;NG;5;6;NG;NG;NG;NG;NG;NG;NG;NG;NG;NG;NG;8;NG;NG;NG;NG;NG
1001969;7;8;NG;NG;NG;NG;8;7;7;9;7;6;7;5;9;NG;7;NG;7;NG;NG;NG;NG;7;8;8;NG;NG;NG;6
1000692;7;6;NG;NG;NG;NG;7;7;NG;NG;NG;5;6;NG;NG;NG;NG;NG;NG;NG;NG;NG;NG;NG;7;NG;NG;NG;NG;NG
1002447;6;6;6;NG;5;NG;6;6;6;5;7;6;6;7;6;NG;6;5;5;NG;NG;NG;NG;5;4;5;NG;NG;NG;6
1000710;7;8;NG;NG;NG;NG;7;7;NG;NG;NG;7;7;NG;NG;NG;NG;NG;NG;NG;NG;NG;NG;NG;6;NG;NG;NG;NG;NG
1002820;7;7;7;5;5;NG;8;7;7;6;6;7;8;7;7;NG;8;7;6;NG;6;5;NG;6;6;6;NG;7;7;7
1000515;7;6;NG;NG;NG;NG;5;6;NG;NG;NG;5;5;NG;NG;NG;NG;NG;NG;NG;NG;NG;NG;NG;6;NG;NG;NG;NG;NG
1002858;7;6;6;7;7;7;7;7;7;7;7;7;6;7;8;6;7;9;6;NG;5;7;NG;7;7;6;NG;8;5;7
1000322;5;6;NG;NG;NG;NG;7;7;NG;NG;NG;8;8;NG;NG;NG;NG;NG;NG;NG;NG;NG;NG;NG;5;NG;NG;NG;NG;NG
1002526;8;8;8;9;7;7;9;8;7;8;7;7;8;8;9;8;8;9;8;NG;6;8;NG;8;7;7;NG;8;8;8
1001003;7;7;NG;NG;NG;NG;9;8;NG;NG;NG;7;8;NG;NG;NG;NG;NG;NG;NG;NG;NG;NG;NG;6;NG;NG;NG;NG;NG
1000521;9;10;NG;NG;NG;NG;10;9;NG;NG;NG;8;8;NG;NG;NG;NG;NG;NG;NG;NG;NG;NG;NG;8;NG;NG;NG;NG;NG
1000493;7;8;NG;NG;NG;NG;7;7;NG;NG;NG;8;8;NG;NG;NG;NG;NG;NG;NG;NG;NG;NG;NG;7;NG;NG;NG;NG;NG
1002786;6;6;6;5;7;6;6;7;7;6;6;7;6;6;8;6;8;6;6;NG;6;6;NG;6;6;6;NG;6;5;8
1000730;5;7;NG;NG;NG;NG;6;7;NG;NG;NG;7;7;NG;NG;NG;NG;NG;NG;NG;NG;NG;NG;NG;5;NG;NG;NG;NG;NG
1002046;7;8;NG;NG;NG;NG;8;8;6;8;6;6;6;7;8;NG;8;NG;7;NG;NG;NG;NG;7;8;6;NG;NG;NG;7
1000909;8;7;NG;NG;NG;NG;9;8;NG;NG;NG;5;7;NG;NG;NG;NG;NG;NG;NG;NG;NG;NG;NG;7;NG;NG;NG;NG;NG
1001179;7;6;NG;NG;NG;NG;8;8;NG;NG;NG;6;7;NG;NG;NG;NG;NG;NG;NG;NG;NG;NG;NG;6;NG;NG;NG;NG;NG
1000339;7;NG;NG;NG;NG;NG;8;8;NG;NG;NG;6;7;NG;NG;NG;NG;NG;NG;NG;NG;NG;NG;NG;6;NG;NG;NG;NG;NG
1000559;7;7;NG;NG;NG;NG;8;8;NG;NG;NG;8;8;NG;NG;NG;NG;NG;NG;NG;NG;NG;NG;NG;7;NG;NG;NG;NG;NG
1001361;6;7;NG;NG;NG;NG;7;7;6;7;6;6;6;6;6;NG;7;NG;6;NG;NG;NG;NG;6;6;6;NG;NG;NG;6
1000369;9;8;NG;NG;NG;NG;9;7;NG;NG;NG;7;7;NG;NG;NG;NG;NG;NG;NG;NG;NG;NG;NG;9;NG;NG;NG;NG;NG
1002731;7;8;7;7;7;8;8;7;8;7;8;8;8;7;7;8;9;8;7;NG;6;7;NG;7;7;6;NG;7;5;8
1002717;8;7;8;7;6;7;9;8;7;6;8;7;7;7;8;8;8;8;8;NG;7;6;NG;7;7;6;NG;8;6;8
1001035;8;7;NG;NG;NG;NG;7;7;NG;NG;NG;6;6;NG;NG;NG;NG;NG;NG;NG;NG;NG;NG;NG;8;NG;NG;NG;NG;NG
1001083;6;6;NG;NG;NG;NG;6;7;NG;NG;NG;5;6;NG;NG;NG;NG;NG;NG;NG;NG;NG;NG;NG;4;NG;NG;NG;NG;NG
1002053;8;7;NG;NG;NG;NG;8;7;6;7;5;6;7;6;NG;NG;7;NG;7;NG;NG;NG;NG;6;7;6;NG;NG;NG;5
1000680;7;6;NG;NG;NG;NG;7;7;NG;NG;NG;5;5;NG;NG;NG;NG;NG;NG;NG;NG;NG;NG;NG;6;NG;NG;NG;NG;NG
1000462;7;8;NG;NG;NG;NG;7;7;NG;NG;NG;8;7;NG;NG;NG;NG;NG;NG;NG;NG;NG;NG;NG;6;NG;NG;NG;NG;NG
1002639;7;7;6;NG;6;NG;6;6;6;6;6;7;7;7;7;NG;7;6;6;NG;NG;NG;NG;7;6;5;NG;NG;NG;7
1000886;8;9;NG;NG;NG;NG;8;7;NG;NG;NG;6;5;NG;NG;NG;NG;NG;NG;NG;NG;NG;NG;NG;8;NG;NG;NG;NG;NG
1002831;7;7;7;7;7;7;8;9;7;8;7;6;8;8;7;7;8;7;7;NG;7;6;NG;6;6;6;NG;8;8;7
1001244;8;8;NG;NG;NG;NG;8;8;NG;NG;NG;6;7;NG;NG;NG;NG;NG;NG;NG;NG;NG;NG;NG;7;NG;NG;NG;NG;NG
1000875;7;6;NG;NG;NG;NG;6;6;NG;NG;NG;5;5;NG;NG;NG;NG;NG;NG;NG;NG;NG;NG;NG;6;NG;NG;NG;NG;NG
1002414;6;6;7;NG;6;NG;7;7;6;6;7;6;7;6;7;NG;7;7;6;NG;NG;NG;NG;4;6;6;NG;NG;NG;6
1001823;7;7;NG;NG;NG;NG;8;8;7;7;7;7;7;7;8;NG;9;NG;7;NG;NG;NG;NG;7;6;6;NG;NG;NG;8
1000611;8;6;NG;NG;NG;NG;8;9;NG;NG;NG;6;7;NG;NG;NG;NG;NG;NG;NG;NG;NG;NG;NG;7;NG;NG;NG;NG;NG
1002695;8;9;8;9;10;9;9;8;9;9;8;8;8;7;9;7;8;10;9;NG;8;8;NG;8;8;8;NG;8;7;7
1000123;9;10;NG;NG;NG;NG;9;8;NG;NG;NG;8;9;NG;NG;NG;NG;NG;NG;NG;NG;NG;NG;NG;7;NG;NG;NG;NG;NG
1001748;8;8;NG;NG;NG;NG;7;7;7;7;7;6;6;6;7;NG;7;NG;7;NG;NG;NG;NG;7;6;6;NG;NG;NG;7
1000452;8;7;NG;NG;NG;NG;7;9;NG;NG;NG;8;8;NG;NG;NG;NG;NG;NG;NG;NG;NG;NG;NG;7;NG;NG;NG;NG;NG
1000908;8;8;NG;NG;NG;NG;8;7;NG;NG;NG;7;6;NG;NG;NG;NG;NG;NG;NG;NG;NG;NG;NG;7;NG;NG;NG;NG;NG
1002129;8;9;NG;NG;NG;NG;8;8;8;7;9;8;7;7;10;NG;9;NG;7;NG;NG;NG;NG;9;8;6;NG;NG;NG;8
1000053;9;8;NG;NG;NG;NG;8;8;NG;NG;NG;7;7;NG;NG;NG;NG;NG;NG;NG;NG;NG;NG;NG;9;NG;NG;NG;NG;NG
1000225;8;8;NG;NG;NG;NG;8;8;NG;NG;NG;8;7;NG;NG;NG;NG;NG;NG;NG;NG;NG;NG;NG;8;NG;NG;NG;NG;NG
1000179;9;8;NG;NG;NG;NG;9;9;NG;NG;NG;8;8;NG;NG;NG;NG;NG;NG;NG;NG;NG;NG;NG;9;NG;NG;NG;NG;NG
1000424;7;8;NG;NG;NG;NG;7;8;NG;NG;NG;7;6;NG;NG;NG;NG;NG;NG;NG;NG;NG;NG;NG;7;NG;NG;NG;NG;NG
1001576;7;6;NG;NG;NG;NG;7;7;6;7;6;6;7;7;8;NG;8;NG;7;NG;NG;NG;NG;7;7;5;NG;NG;NG;7
1000083;7;8;NG;NG;NG;NG;8;7;NG;NG;NG;5;4;NG;NG;NG;NG;NG;NG;NG;NG;NG;NG;NG;7;NG;NG;NG;NG;NG
1000809;7;6;NG;NG;NG;NG;8;7;NG;NG;NG;5;7;NG;NG;NG;NG;NG;NG;NG;NG;NG;NG;NG;5;NG;NG;NG;NG;NG
1000637;6;6;NG;NG;NG;NG;8;9;NG;NG;NG;6;7;NG;NG;NG;NG;NG;NG;NG;NG;NG;NG;NG;5;NG;NG;NG;NG;NG
1002294;6;6;7;6;6;6;8;7;6;6;8;6;7;7;7;7;6;8;7;NG;6;6;NG;6;6;6;NG;8;9;6
1002254;7;8;6;6;7;7;7;6;7;6;7;7;7;6;7;6;8;7;7;NG;6;7;NG;7;7;6;NG;6;5;8
1000805;7;7;NG;NG;NG;NG;7;7;NG;NG;NG;7;7;NG;NG;NG;NG;NG;NG;NG;NG;NG;NG;NG;6;NG;NG;NG;NG;NG
1001987;7;8;NG;NG;NG;NG;7;6;7;NG;5;7;7;6;7;NG;9;NG;6;NG;NG;NG;NG;7;8;6;NG;NG;NG;8
1001821;6;6;NG;NG;NG;NG;7;7;6;6;6;7;7;6;7;NG;7;NG;7;NG;NG;NG;NG;6;6;5;NG;NG;NG;8
1001629;7;7;NG;NG;NG;NG;7;6;5;6;4;5;5;6;7;NG;6;NG;6;NG;NG;NG;NG;6;7;6;NG;NG;NG;6
1001541;6;7;NG;NG;NG;NG;6;6;6;6;7;6;7;7;7;NG;8;NG;6;NG;NG;NG;NG;6;6;4;NG;NG;NG;7
1000305;8;8;NG;NG;NG;NG;9;8;NG;NG;NG;7;7;NG;NG;NG;NG;NG;NG;NG;NG;NG;NG;NG;9;NG;NG;NG;NG;NG
1000503;9;9;NG;NG;NG;NG;10;8;NG;NG;NG;9;8;NG;NG;NG;NG;NG;NG;NG;NG;NG;NG;NG;9;NG;NG;NG;NG;NG
1000765;8;9;NG;NG;NG;NG;9;9;NG;NG;NG;9;9;NG;NG;NG;NG;NG;NG;NG;NG;NG;NG;NG;8;NG;NG;NG;NG;NG
1000052;5;7;NG;NG;NG;NG;6;5;NG;NG;NG;5;5;NG;NG;NG;NG;NG;NG;NG;NG;NG;NG;NG;4;NG;NG;NG;NG;NG
1000701;7;7;NG;NG;NG;NG;8;7;NG;NG;NG;6;7;NG;NG;NG;NG;NG;NG;NG;NG;NG;NG;NG;7;NG;NG;NG;NG;NG
1002102;8;8;NG;NG;NG;NG;8;9;8;7;8;9;8;8;8;NG;9;NG;7;NG;NG;NG;NG;9;7;6;NG;NG;NG;8
1001388;8;8;NG;NG;NG;NG;9;7;8;7;8;8;8;7;8;NG;10;NG;7;NG;NG;NG;NG;8;8;7;NG;NG;NG;8
